Lines_of_Code,Cyclomatic_Complexity,Num_Functions,Code_Churn,Comment_Density,Num_Bugs,Has_Unit_Tests,Code_Owner_Experience,Quality_Label
356,31,144,69.56704674,0.4675606016,2,Yes,4,Medium
227,15,104,131.8444223,0.7956430598,2,No,5,High
9674,47,141,118.7290267,0.3168389851,5,No,1,High
6967,42,107,194.3971547,0.9718826992,5,Yes,3,Low
7954,35,114,69.20229278,0.5594174314,1,No,8,Medium
2305,38,120,164.2995588,0.3538601529,5,No,6,Medium
8613,22,26,54.96855175,0.3558556537,5,Yes,3,Medium
4479,5,149,88.06024679,0.116469988,7,Yes,7,High
8167,48,165,68.07458776,0.7231878017,1,Yes,6,Low
6377,13,179,75.22791442,0.7983534724,5,Yes,5,Medium
9808,32,92,92.13101759,0.1291849956,3,Yes,8,High
,3,147,172.0874183,0.6273410852,1,No,8,High
8410,15,37,122.8321457,0.803505401,2,No,3,High
7181,27,19,161.7038915,0.4386160436,3,Yes,8,High
2471,27,31,100.7287886,0.4894674246,4,Yes,9,Low
5116,30,193,164.1367637,0.4254624099,1,Yes,3,Low
6402,6,116,111.3504471,0.3840856467,4,Yes,8,High
6482,25,86,60.53723758,0.5420275513,2,No,8,Medium
6639,28,52,,0.2494905941,3,No,7,Low
6552,22,12,174.1951074,0.4966189131,0,Yes,8,Medium
6492,4,138,131.9158483,0.9476426118,2,No,1,Medium
4896,15,195,141.543998,0.124661888,6,No,3,Low
2541,26,122,163.9576543,0.2482690743,5,Yes,6,Medium
1117,18,88,86.49758329,,5,Yes,7,Low
4601,9,6,64.10275939,0.2188513809,4,No,7,Low
3147,4,154,118.1348906,0.3441528096,1,No,6,Medium
5894,48,122,186.3225596,0.5093550316,3,No,4,Medium
4350,5,25,115.0594823,0.9488460319,2,No,5,High
6047,45,138,,0.2651510686,2,Yes,9,Low
8485,6,127,103.7365019,0.9307761346,2,No,1,Medium
7491,12,100,114.7286462,0.7466720614,3,Yes,2,Low
2546,31,17,73.59909392,0.7040304206,0,No,5,High
7223,47,5,,0.7511882716,4,No,5,High
1499,9,154,,0.1281219571,10,Yes,7,High
6395,7,121,24.87422914,0.189010235,3,Yes,8,High
3787,29,156,24.94290779,0.4013573759,2,No,6,High
7964,14,68,12.30690841,0.1665707798,5,No,6,High
6227,20,173,173.7728599,0.9888307385,4,Yes,5,High
652,48,154,53.76032565,0.6223709873,2,No,5,High
5643,32,65,117.5863721,0.538609304,5,Yes,8,Low
9021,22,112,189.2507945,0.8069606064,9,Yes,5,Medium
2660,36,16,116.6261911,0.9792632861,0,No,6,Low
5208,44,94,125.7146726,0.9596170001,2,No,3,Low
4366,18,136,57.84374137,0.8137583963,2,Yes,5,Medium
5045,40,87,116.6605488,0.4394568133,2,Yes,9,Medium
9085,49,132,50.2451771,0.1593635424,9,Yes,3,High
5784,25,144,4.834427716,0.18853928,1,Yes,8,Medium
8416,31,37,102.6170959,0.1010371067,2,Yes,7,Low
,35,153,116.040808,0.1017125589,2,Yes,4,High
2651,26,132,,0.942779619,1,No,5,Low
3948,4,104,62.66876086,0.9343152723,3,No,8,Medium
3556,42,110,89.32844191,0.7007984197,3,Yes,7,Low
2858,48,76,63.66317632,0.7540090518,3,No,2,Low
3855,20,78,137.1100741,0.561887611,4,Yes,8,High
3742,34,100,122.3423165,0.3140580305,2,Yes,8,High
8219,12,96,181.4020585,0.9229465442,1,Yes,9,Low
1760,16,78,82.2245917,0.3499223206,5,No,2,Medium
8329,42,76,103.4911134,0.7657041349,6,No,4,High
5686,5,184,108.678985,0.3208921163,4,Yes,2,Low
,44,179,81.35028998,0.8831335762,2,Yes,4,High
6558,35,63,0.8255641522,0.686115491,3,No,3,High
9600,44,179,122.194509,0.6784255185,2,No,7,Medium
6225,27,60,216.7410846,0.1876305131,3,Yes,5,Low
3023,1,17,149.9677706,0.4775220129,2,Yes,7,Low
2808,34,176,197.9093379,,2,No,2,Low
4271,43,39,144.839818,0.3646326596,3,No,4,Low
8522,32,123,92.4016253,0.8928771507,3,Yes,6,Low
2850,44,119,130.0791168,0.8539029474,2,Yes,5,High
,39,161,153.494644,0.5442588211,1,Yes,2,High
8031,33,60,19.96730322,0.4060280824,2,Yes,7,High
2904,31,137,122.2410773,0.8213880448,7,Yes,2,High
5544,13,199,95.07836145,0.2772023028,3,Yes,9,Medium
941,45,57,173.8722342,0.1643646836,1,No,7,Medium
5675,2,105,118.6162583,0.1411394375,4,No,3,Low
7610,30,124,-23.01522032,0.1348149348,2,No,6,Medium
,10,64,121.9943102,0.5399997908,1,Yes,5,High
3634,23,109,-3.092577684,0.3297822725,5,Yes,9,High
7957,33,138,163.7054208,0.7213376092,2,No,3,High
707,39,180,61.60558999,0.6885024166,0,No,2,High
7494,45,110,43.46271009,0.5878180064,1,Yes,2,High
4718,29,84,61.44752842,0.4175589533,3,No,4,Low
4060,30,167,55.31628796,0.8654106205,1,No,1,Low
4357,34,150,92.21449195,0.738732478,2,Yes,9,High
5712,39,15,56.97460849,0.3443735116,2,No,3,Low
301,17,55,84.95875173,0.5515197961,4,No,5,Medium
6659,22,125,22.8860232,0.2406440879,3,No,2,Medium
5231,5,27,87.41775559,0.395898662,2,Yes,8,High
,11,51,171.129367,0.9974261646,1,Yes,3,Low
851,22,79,77.57071237,0.3014597982,1,No,5,High
7645,32,191,131.2073384,0.7284721201,2,No,7,Low
5444,24,189,37.1854514,0.3145767812,4,Yes,2,High
1305,11,97,128.9848033,0.9443210851,1,Yes,3,High
,11,131,156.8792115,0.3791195605,4,Yes,8,High
3987,17,60,171.2605992,0.4120201672,5,Yes,8,Medium
1430,32,159,110.037385,0.6344737958,6,Yes,3,Low
8722,19,77,133.5721386,0.629300594,3,No,7,Low
7619,27,167,35.97405768,0.6211687508,5,Yes,2,Medium
4783,32,187,80.82950687,0.6159292016,1,No,9,Medium
2374,25,141,59.98581625,0.3809682043,3,No,8,Low
,28,22,116.4226411,0.490969201,3,Yes,9,Low
3465,40,48,73.589239,0.6340900988,4,Yes,9,High
1363,27,153,134.3393974,0.7041431113,1,Yes,7,High
4336,14,60,223.4295165,0.3278161122,1,No,4,Low
,42,180,131.078738,0.7313275555,0,Yes,5,Low
3833,39,104,170.5828992,0.9309486251,1,No,7,High
1765,2,5,40.77237197,0.782134933,5,Yes,5,Medium
960,17,159,95.75149333,0.1758095225,5,No,8,Low
944,1,49,110.8427721,0.5222135981,2,No,5,Low
236,45,67,103.2527849,0.491737452,3,Yes,5,Medium
5847,32,62,,0.4028529808,1,Yes,5,Medium
6594,19,172,62.80569765,0.5421881259,4,No,4,Medium
5886,14,67,116.1562014,0.4956703961,6,No,7,Low
9445,31,42,-21.42338758,0.1055534295,6,Yes,2,Low
9270,18,33,121.2336553,0.3128997503,2,No,4,Low
8860,14,44,125.2957928,0.2924039308,1,No,3,High
6300,47,151,97.38742683,0.4143335871,0,Yes,8,Medium
8425,14,92,119.7650758,0.2570110676,2,Yes,7,Medium
2161,24,60,71.77553041,0.1610212993,2,No,3,High
4478,5,48,38.92402282,0.2769515695,6,No,4,High
3830,16,197,50.57298147,0.8687681078,6,Yes,4,High
8418,5,104,57.37169906,,7,Yes,7,High
6222,13,145,35.38241955,0.4978865777,2,Yes,8,Medium
1895,16,162,33.40888168,0.8900335306,3,No,4,High
4413,15,53,58.49679173,0.3093990563,6,Yes,8,High
8287,31,119,82.19484091,0.6257882271,2,No,1,Medium
4940,5,79,106.5938251,0.228632388,6,Yes,9,Medium
3826,21,195,38.8046173,0.8500606206,1,Yes,7,Medium
359,30,167,53.30706763,0.2175234017,3,No,4,Medium
1341,23,143,69.28675171,0.1286741431,4,Yes,8,Low
1943,38,53,121.8439386,0.3460998071,3,No,2,Low
5877,29,111,40.24340689,0.9108415804,1,Yes,8,Low
9804,13,115,74.13677348,0.2165113737,6,Yes,6,Low
2380,32,119,148.6202773,0.3976032418,3,Yes,7,Medium
9247,48,172,60.26887454,0.3847734937,4,Yes,7,Low
7896,42,25,37.6360535,0.8214816467,6,Yes,2,High
4667,27,51,95.63903686,0.4793728598,2,No,2,High
9400,34,7,58.43950402,0.6504103447,2,No,4,High
9834,45,162,-38.0972335,0.4639447052,2,No,6,Low
8672,49,131,109.9522884,0.5963113136,1,Yes,4,Low
1355,33,71,143.5118546,0.1561966516,4,Yes,6,High
6562,4,66,98.88206815,0.4366264943,2,Yes,5,Low
1758,18,169,152.1599158,0.869595254,4,Yes,6,Medium
2748,6,154,132.2012949,0.7219608069,0,No,9,Low
3471,28,35,57.25501659,0.9836461397,5,No,6,High
3529,44,50,202.475344,0.8091275836,0,Yes,6,High
9872,27,49,116.0571791,0.5063587434,0,No,8,Low
4960,26,18,121.3901454,0.7086524119,2,Yes,5,Low
7720,20,125,50.32661907,0.7983223081,8,Yes,5,High
3032,13,144,22.70757323,0.3427152939,3,Yes,1,High
5186,28,123,45.83030308,0.1540161016,4,No,6,Low
9878,34,195,146.0050607,0.4652625412,1,Yes,1,Low
6749,49,81,185.5249188,0.2302058459,1,No,8,High
8219,23,92,114.4375536,0.3495170078,2,No,9,High
5083,10,170,104.6262487,0.9521609459,3,Yes,6,High
2621,30,121,148.3619816,0.8623743339,4,No,9,High
2802,22,179,169.0584217,0.6332174511,4,Yes,2,High
118,5,128,27.39669861,0.4611310359,2,No,9,High
2669,44,58,181.3966986,0.3378973242,6,Yes,4,High
883,9,187,80.97534239,0.6143124517,4,Yes,3,Low
9998,43,52,154.1989757,0.5798442247,4,Yes,1,Medium
514,4,105,46.61841471,0.8027027275,4,Yes,1,Medium
8655,42,19,151.675099,0.9352181699,0,Yes,8,Low
1203,1,117,28.31524387,0.3960435712,8,No,2,Medium
4991,34,20,156.065651,0.2856673997,3,Yes,1,Low
5409,41,175,132.1673164,0.4625196544,4,Yes,2,Low
1271,26,139,21.39785561,0.4937871722,5,No,3,Low
9990,18,47,163.7706885,0.1358832605,6,Yes,4,Low
8734,16,32,51.20106455,0.875526879,5,Yes,9,Medium
6508,23,70,157.1457798,0.9960331048,0,No,7,Low
4845,46,102,107.2239146,0.9308878234,4,Yes,5,High
4661,36,64,37.68645036,0.8745984815,1,No,5,Low
8272,26,132,49.33903403,0.9933402731,1,No,6,Medium
6736,2,135,295.1399359,0.9170275888,2,No,1,Medium
2689,44,133,215.3673508,0.7195308587,2,Yes,6,Medium
9795,5,163,89.4660905,0.2500809839,3,No,6,Medium
5822,29,60,121.2319144,0.240715111,1,Yes,5,High
822,4,88,160.1516933,,4,No,9,Low
941,47,178,35.40614322,0.4706477805,1,No,5,High
2447,35,36,134.496809,,4,No,9,Low
745,22,85,149.3584097,0.5412663503,2,Yes,7,Low
8315,49,22,118.0922372,0.4296895351,4,No,3,High
3372,8,39,169.5472774,,3,Yes,9,High
106,44,108,107.6321979,0.1465779782,10,No,7,Medium
3801,21,104,155.2648439,0.4592612291,2,No,4,Low
9563,8,27,111.8150143,0.1899328422,2,Yes,9,Low
5730,5,145,23.31511941,0.1931933555,4,No,6,Low
2656,21,146,146.9480914,0.4558135825,4,No,9,Low
3054,27,169,,,6,Yes,4,Low
7487,38,9,92.43987076,0.2680145983,1,Yes,2,Low
6888,5,154,33.04536228,0.7161721176,3,No,9,Medium
9891,21,32,143.4037279,0.4768228006,2,No,4,Low
9958,8,136,115.8238412,0.182730284,4,No,2,Medium
9353,22,54,114.8506307,0.6733307121,4,Yes,7,Low
4761,18,106,109.4509733,0.4212503368,3,Yes,7,Low
3901,4,33,150.3855202,0.1470893294,4,No,5,High
5733,4,41,114.3968134,0.9531834217,1,Yes,5,Low
7513,37,167,,0.6140772614,2,Yes,8,High
1263,15,152,19.23696615,0.5299483321,3,No,6,High
1381,38,167,76.92367498,0.8732236554,4,Yes,1,High
8287,27,134,145.4779417,0.9430663864,2,Yes,4,Medium
9500,21,120,83.26192322,0.2982896813,4,Yes,1,High
402,48,62,145.3924669,0.8291300515,4,Yes,5,High
9047,46,150,29.28758993,0.8479719341,4,Yes,5,High
4359,46,110,,0.1489625152,2,No,4,Low
,48,60,46.51494602,0.7407497037,2,Yes,9,Medium
9518,4,126,106.7687834,0.1566710936,9,Yes,8,Medium
8280,11,196,189.6006682,0.6352059218,3,Yes,3,Medium
7675,19,107,212.2150146,0.7023130994,2,Yes,5,Medium
9525,19,127,152.876927,0.4303528195,2,No,6,Low
6078,27,184,2.10447468,0.892708747,3,No,5,High
9189,40,26,62.39594835,0.8204605363,1,Yes,8,Low
6190,42,64,-51.94254168,0.9333637423,5,No,5,Medium
8254,28,142,,0.383400574,2,Yes,8,Low
8283,5,88,181.2440539,0.1193750201,2,No,3,Low
5780,48,132,140.7753669,0.8303151403,3,Yes,5,Medium
6611,25,84,11.72662464,0.3006796204,3,Yes,4,High
3462,3,138,169.4361223,0.5204404365,3,No,6,Low
9746,26,85,160.2139784,0.8355890547,2,Yes,3,Medium
2112,10,10,177.1564092,0.2945216608,2,No,4,Low
1200,24,90,155.4554256,0.3807178865,2,Yes,4,Low
9107,29,86,73.69320812,0.4951719877,2,No,5,Low
5204,45,160,7.254268817,0.3446423651,3,No,6,High
5715,7,46,158.5463099,0.5151892807,2,No,2,Low
9612,44,78,138.8299733,0.10863698,3,No,8,Low
,23,45,1.403439289,0.2909691755,2,Yes,4,High
7723,46,67,51.78508707,0.8492980237,1,Yes,7,Low
4687,27,26,53.18961471,0.4721337627,1,No,7,Low
9324,42,83,136.3735591,0.672765191,2,Yes,2,High
6137,9,161,99.22498633,0.3090591349,2,Yes,7,Medium
1255,44,75,86.81590189,0.684890798,3,Yes,1,Low
9392,3,118,79.02604208,0.9999764809,2,No,2,Medium
1096,13,38,43.71662017,0.6357588755,2,No,5,Medium
9727,6,100,148.2690941,0.6655227064,3,Yes,8,Medium
5309,38,134,63.65552262,0.200367842,2,Yes,7,High
2645,21,158,158.1188109,0.4630433245,4,No,3,High
3800,19,113,30.34809014,0.8746524086,1,Yes,9,Low
6865,25,79,75.40141727,0.8508447763,5,Yes,5,Medium
5084,39,23,198.2416628,0.5701591993,2,Yes,3,High
,4,129,111.7311156,0.9131087348,2,No,7,High
2418,22,24,75.47265714,0.2286433164,6,No,4,Medium
9030,5,165,68.59567061,0.6923704642,3,No,1,High
2619,1,120,56.53029735,0.3239952189,2,Yes,5,Medium
5527,17,98,122.6848487,0.6810052646,1,Yes,8,High
4703,9,86,144.9298225,,6,Yes,4,Medium
8346,9,100,112.5648621,0.9492481856,4,No,7,High
2184,24,108,97.03912562,0.8076988356,0,No,8,High
999,10,8,130.0784355,0.2808654084,1,No,9,High
8815,20,164,29.77209476,0.6735489117,1,Yes,9,High
562,17,151,118.9041034,0.7832310765,4,No,5,Medium
1601,13,135,121.7327177,0.2885012396,2,Yes,6,Low
815,29,96,113.3676516,0.1839972769,6,Yes,7,Low
5430,36,65,72.23852583,0.4166017895,5,No,2,High
7274,23,42,61.2478403,0.2221789071,1,Yes,9,Low
3711,27,122,34.95855941,0.6091405346,2,Yes,1,High
9280,18,138,173.5290786,0.4817034186,4,No,6,Low
311,18,60,97.21613436,0.5161819043,3,Yes,6,High
7456,9,172,78.81018588,,3,No,7,Low
853,3,125,73.93850613,0.9838469313,2,No,2,Low
3850,7,85,,0.8133720998,6,No,6,High
3322,15,110,73.21480327,0.6665243455,3,Yes,6,Low
535,30,124,160.5614836,0.427335053,3,No,9,High
9527,9,73,129.0855636,,2,No,8,Low
9070,41,87,141.4246705,0.2048748496,2,No,5,Medium
5029,27,46,147.9643204,0.7577805255,2,Yes,7,Medium
2060,36,103,209.9915067,0.4322835354,3,Yes,7,Medium
4372,18,134,101.3860091,0.4009936923,1,Yes,5,High
5913,31,32,78.60060343,0.9000805227,3,No,7,High
1824,17,121,121.8588637,0.5360580015,1,No,3,High
8477,6,149,132.4338304,0.9096193517,5,No,7,Medium
1594,39,74,,0.8979746594,2,Yes,6,Low
2079,25,111,55.30179073,,3,No,6,High
5528,42,127,109.2998388,0.9508266806,2,No,2,Medium
4153,42,73,127.2245166,,3,Yes,2,High
8537,38,43,117.3694087,0.9671555037,3,Yes,7,High
7260,38,139,8.118034878,0.5073534258,5,No,1,Low
8675,31,164,20.49552502,,2,No,9,High
7309,29,8,135.8392141,0.7355299305,1,No,3,High
384,40,153,81.38445831,0.5666454769,4,Yes,6,Low
5183,9,164,211.2286291,,3,Yes,3,High
4094,1,86,167.0580366,0.9549263633,4,No,9,High
8591,16,101,36.59350247,0.9346163416,2,Yes,7,Low
1000,38,146,,0.6888934452,3,Yes,1,High
1559,23,74,180.0288435,0.691946811,5,No,4,High
3021,8,50,77.73631837,0.3222448241,6,No,5,Medium
,47,152,95.69111896,0.8457611452,3,Yes,7,Low
,12,190,72.59814757,0.6693429997,3,Yes,7,Medium
905,10,103,43.86717805,0.8436239128,2,Yes,5,Low
7695,16,84,178.8488974,,2,Yes,1,High
2328,47,52,-29.49869138,0.3693880234,4,No,5,Medium
2021,43,11,66.27094133,0.2705332625,3,Yes,5,Medium
5072,24,44,78.8770332,0.1692692598,4,No,4,Medium
2487,39,63,107.8593978,,3,Yes,6,Medium
2096,8,40,38.01518733,0.3556462218,4,No,8,Low
4925,11,176,167.7467194,,4,Yes,5,High
5382,41,112,8.20501485,0.1527908004,1,No,8,High
2603,26,35,8.936375124,0.4380967585,5,No,5,Medium
204,7,174,102.9026555,0.3344978938,3,No,3,High
6962,15,48,35.65234589,0.4333006702,4,Yes,8,High
8730,15,175,110.3878977,0.1488550868,5,Yes,4,Low
1621,48,47,62.99531518,0.751763277,2,Yes,3,High
1451,3,179,,0.2050275998,6,Yes,3,High
2798,16,138,53.60656971,0.1129623637,2,No,6,High
3712,15,97,172.2275386,0.9516601913,0,Yes,8,High
608,25,198,131.4703757,0.2735887441,6,No,5,Medium
5410,33,90,62.09523532,0.8452551686,4,No,1,Low
6290,14,13,131.2123202,0.9680235398,5,Yes,1,Low
1374,24,15,107.3007971,0.5807090796,5,No,3,Low
2922,11,84,139.2755263,0.573506344,1,No,6,High
163,3,113,129.9721832,0.4306755205,4,Yes,2,Medium
4021,9,122,117.9643431,0.4830353783,2,Yes,1,Low
959,6,22,103.2326027,0.5338678573,2,No,7,Medium
1647,31,157,145.2236994,0.2368849633,3,Yes,2,Low
2176,16,101,158.5298296,0.4282630515,1,No,8,Medium
536,11,190,106.82835,0.8344975983,0,Yes,2,High
6185,17,34,,0.2641583076,5,Yes,1,High
3757,49,119,146.8629106,0.7568679223,4,No,2,Low
862,3,5,180.3463513,0.6864279402,2,Yes,2,Low
835,19,195,171.6061727,0.1515679978,4,Yes,7,Low
7314,24,101,151.4928423,0.1201859816,2,Yes,1,High
7684,47,117,79.29387788,0.4172756163,4,No,3,High
4194,42,83,34.35628406,0.7229532494,3,No,5,Low
6694,8,33,127.9648545,0.3973761346,2,Yes,7,Low
4828,49,70,127.5863509,0.7009599705,0,No,6,High
9870,36,185,80.1528905,0.6989123287,3,No,8,Low
3829,40,109,33.28759775,0.8258991604,5,No,1,Low
7341,2,23,182.7896756,0.1895370532,1,Yes,7,Low
1176,23,70,121.2796959,0.6194160021,3,Yes,9,High
1930,40,116,39.58769767,0.1562474076,3,Yes,7,High
773,30,184,93.65102533,0.2583524262,2,No,6,Medium
648,25,163,32.81575777,0.3929508126,2,No,9,Medium
9228,7,64,134.0892117,0.7366503164,3,Yes,4,Medium
995,28,121,192.5040741,0.9764901775,4,Yes,6,Medium
,41,72,,0.4082687329,3,Yes,6,Low
1013,17,97,95.37571265,0.5690300369,4,Yes,3,High
1276,32,162,86.18565819,0.3331500359,1,No,7,High
7373,1,145,88.78017398,0.7079406585,0,Yes,1,Medium
6796,27,147,61.20373394,0.4299272812,1,No,8,Low
4965,44,152,169.102143,0.5334365561,0,Yes,8,High
4406,36,166,109.7514001,0.6110315883,3,Yes,8,High
3373,49,152,103.1691454,0.7176180969,2,No,9,Low
6676,7,54,88.69732223,0.1540464952,2,Yes,4,Low
1622,3,93,36.35517731,0.5994109844,3,Yes,6,Medium
6525,30,159,146.919108,0.488047688,3,No,7,Medium
7577,1,162,171.1479342,0.2203885778,1,No,2,Low
2902,34,188,6.926608052,0.2872330015,2,Yes,6,High
3222,38,197,135.4723598,0.895501082,0,No,8,Low
2556,43,103,143.1225376,0.8845984082,2,No,4,Low
1749,36,187,164.2102593,0.129997229,3,Yes,5,High
,33,117,160.2732611,0.7204613421,6,Yes,8,High
1243,43,111,231.7901326,0.5987685818,0,Yes,3,Medium
8337,16,28,120.0130312,0.9458342588,3,No,6,Low
3414,38,29,149.6339095,0.9172051399,7,No,1,Medium
4506,11,185,100.6216124,0.6216057216,3,Yes,4,Low
2709,8,15,59.85825785,0.2250594292,0,Yes,6,Low
7691,1,98,,0.5138335213,4,Yes,3,High
3219,14,64,149.6897,0.7526479302,1,Yes,1,Low
1500,30,179,117.0892486,0.9565629716,4,No,6,Low
9883,21,157,16.98773836,0.4274464652,2,Yes,3,High
8299,21,29,27.55217393,0.8062043284,4,No,8,High
9275,34,149,138.3647499,0.715006678,1,No,7,High
3697,38,144,81.71314409,0.1704634994,2,Yes,7,Low
5589,26,127,117.8046646,0.6021791653,6,No,8,High
3611,41,184,124.1345609,0.2651579502,2,No,7,Low
3928,14,15,94.27915301,0.715194363,5,No,5,Medium
665,40,14,87.19578748,0.6490763622,0,Yes,8,High
7751,35,85,93.48665194,0.9757432825,7,Yes,8,Medium
9192,42,192,129.5745121,0.9418443986,7,Yes,8,Medium
,18,58,123.9998975,0.1084355502,4,Yes,6,High
6877,20,113,60.05127014,0.1720264872,2,Yes,2,High
213,9,67,99.25819877,0.7922208803,2,Yes,8,Low
631,41,24,46.9646557,0.7170787657,3,No,1,High
9814,45,9,125.7177875,0.8208510387,1,No,9,Medium
3510,33,45,76.72288918,,0,No,9,Medium
9336,49,122,135.9886064,0.8643904919,4,No,6,Medium
5939,4,67,87.9785407,,4,No,6,Low
8324,4,188,157.2003013,0.3357176362,4,No,6,Low
8424,48,36,166.6529891,0.1095469728,4,No,4,High
1826,16,31,122.210067,0.8842276313,5,No,1,High
5170,47,72,81.63783603,0.5818094643,2,Yes,1,High
8317,26,109,53.13514038,0.9778438754,5,Yes,1,Medium
2748,6,180,148.0816046,0.7432132506,2,No,5,Medium
9553,37,11,96.69032938,0.1723754291,1,No,7,Medium
2165,22,178,102.4075005,0.6293720678,4,Yes,1,High
1033,42,107,80.5798353,0.1154120858,3,Yes,1,High
1150,39,116,,0.6020036688,2,Yes,6,Medium
9108,7,150,153.7241509,0.4151814968,1,No,2,High
6130,42,170,95.76427547,0.6789662512,2,No,2,Low
7216,30,107,6.887516338,0.5874167856,3,Yes,7,High
5143,10,197,,0.3352152911,1,No,9,Medium
9029,15,21,32.26530658,0.2461155482,6,No,8,High
6567,6,94,129.5189308,0.4642403377,6,Yes,2,Low
3702,24,119,122.6501622,0.9881526834,2,Yes,7,Medium
6978,2,90,175.4127319,0.4921287765,5,Yes,5,High
892,40,107,26.17078247,0.773908424,3,No,4,High
6063,15,86,171.860407,0.151276173,2,Yes,4,High
9647,21,130,,0.440979188,5,Yes,4,High
1485,18,42,31.65434145,0.6222907335,5,Yes,9,Low
1160,5,96,191.3508756,0.776076862,6,No,7,High
9663,25,67,93.77704149,0.5755452916,0,No,7,High
8023,36,174,40.43826374,0.5637659912,0,No,4,Medium
4238,10,140,151.9791538,0.7875162213,2,Yes,9,Low
1249,46,34,45.55467832,0.3819589456,3,No,8,Medium
7793,23,68,157.8110549,0.1815494688,5,No,4,Low
7592,24,13,90.40217665,0.4124354239,2,Yes,6,High
6427,45,61,82.53884746,0.2430966119,0,No,4,Low
3453,10,111,34.91794297,0.9693497837,5,No,1,Medium
6069,6,191,47.82046642,0.6197603927,4,No,5,High
4728,13,99,108.0232636,0.5019403882,2,No,3,Medium
3548,21,199,18.03996674,0.9208466903,1,No,1,Medium
5427,32,79,134.4612652,0.9103252486,5,No,2,Low
9792,43,9,73.75930705,0.4741275512,3,No,2,High
5149,15,99,80.18055106,0.887254626,4,No,8,Medium
168,2,8,129.1582435,0.1576233398,4,Yes,4,Medium
3608,15,12,89.79636643,0.8971472308,3,Yes,3,Low
400,17,174,161.5288131,0.3795251757,1,Yes,4,Medium
6897,20,167,-2.517762021,0.6086100559,1,Yes,1,High
2700,6,145,140.0226135,0.3427197249,4,Yes,1,High
,15,137,101.2044471,0.9863196015,2,Yes,5,Low
5005,17,44,,0.164601985,3,Yes,7,Medium
4118,26,23,,0.5022597581,2,No,9,Low
3182,22,86,129.3411885,0.6588893394,4,No,7,Low
7174,9,129,111.4169629,0.6540510271,2,No,5,Medium
1339,12,8,,0.7648825508,5,No,3,High
559,22,132,64.72669967,0.7519737937,2,No,8,Low
8082,23,191,46.05289695,0.8138284347,3,Yes,7,High
2726,37,150,168.2967587,0.3108586685,2,Yes,4,High
3863,14,156,141.3367924,0.4334558441,3,No,1,Medium
7120,24,111,128.4326848,0.4438298044,4,No,3,Medium
2901,8,97,78.65013356,0.9602556948,3,No,8,High
563,26,35,201.6946458,0.4683806714,4,Yes,2,High
1097,32,62,65.27759941,0.2996822896,1,Yes,9,High
5741,28,32,81.09640857,0.6691099838,3,No,4,Low
6484,32,141,190.6477147,0.4845402233,2,Yes,7,High
1778,22,177,97.37955357,,1,No,7,Low
964,49,94,186.9054856,,2,No,8,Medium
,9,53,118.9297606,0.272732758,4,Yes,7,Medium
7836,3,115,74.26110072,0.6700186366,4,No,4,High
2797,25,6,90.2095436,0.4874776388,1,Yes,7,Medium
9156,39,10,64.15972391,0.3872504479,0,No,5,High
3026,12,33,134.6666443,0.9513840407,3,No,7,Low
7642,29,158,161.1444535,0.391966757,5,Yes,3,High
4529,3,160,123.3662701,0.4127566367,4,Yes,7,Medium
7510,41,11,114.1814833,0.8835745277,1,Yes,7,High
7318,46,38,48.03827052,0.2161390266,3,No,2,Medium
7125,23,188,154.6696251,0.1972618747,6,No,8,Low
2497,23,142,141.9948443,0.3544370057,5,No,7,Medium
2321,18,116,113.904608,0.6324723309,4,No,9,Medium
,11,61,84.93136226,0.4458701441,6,No,4,Medium
6604,36,179,102.1952437,0.6476990328,2,Yes,9,Medium
7622,26,31,54.5053619,0.2437755679,4,Yes,1,Medium
5885,8,43,26.28410579,0.3353057639,5,No,5,Medium
6319,28,154,85.00763813,0.6086461004,0,Yes,7,High
4098,18,123,56.9987808,0.295434282,2,Yes,4,Low
2903,13,151,,,5,No,7,High
4647,36,104,75.60244039,0.6153830893,1,Yes,9,Low
6610,42,13,96.09872504,0.9762858121,3,No,5,High
9117,40,151,92.81524412,0.1718979921,2,No,5,Low
3761,44,6,,0.5143725807,4,Yes,2,Low
151,12,96,117.3948773,0.4566438647,10,Yes,5,High
6158,22,193,106.574827,,0,No,8,High
3615,2,63,148.0573829,0.9102674071,2,No,4,Low
3430,40,75,,0.9163118517,6,No,2,Medium
7591,28,74,154.2216788,0.4376253817,4,Yes,8,Low
1774,13,165,92.3484619,0.3741896322,2,No,4,Medium
6128,33,197,117.0039296,0.5042235254,2,No,5,Low
1461,3,29,54.14325313,0.4095876754,3,No,7,Medium
9078,34,74,156.8040122,0.7469658825,5,No,5,High
655,23,160,164.9998804,0.2922139438,1,Yes,4,High
7892,32,150,194.1657844,,3,No,7,Medium
2212,20,67,72.87792844,0.9342887798,3,Yes,4,Medium
2310,28,53,126.4842818,,1,No,4,Medium
1801,8,127,28.01007993,0.7092015549,2,No,2,Medium
2812,3,128,5.638308674,0.2292050094,4,No,5,High
6563,30,198,128.171781,0.2092455479,1,No,8,Low
2416,25,44,94.35799265,0.2040800303,2,Yes,4,High
6569,30,89,35.74549765,0.2246753529,1,Yes,2,Low
1710,29,91,108.9565301,0.2945483833,2,Yes,9,High
4452,47,198,146.6820425,,2,No,6,Medium
6443,30,84,103.1549393,0.7902870838,3,No,3,High
4805,34,8,161.4238702,0.2141713213,1,Yes,5,High
9419,25,38,66.96219568,,3,Yes,6,Medium
5591,17,9,154.1371837,0.858444656,0,Yes,9,Medium
9196,24,154,80.81146087,0.7546492239,2,No,5,High
8455,38,152,161.5082799,0.4833692195,3,No,9,High
,28,107,36.44045726,0.1014015113,2,Yes,1,Low
4810,33,179,111.5367732,0.7612884472,2,Yes,4,Low
2125,36,38,111.4309943,,3,Yes,1,High
205,7,176,123.8557953,0.4017577386,3,No,2,Low
4559,23,10,82.42900489,0.7461888051,3,No,2,Medium
3192,46,188,121.5838263,0.1558428529,1,No,5,High
9444,26,33,90.08562531,0.7385453843,2,No,1,High
,14,57,73.67086499,0.1614776688,1,No,3,Low
9038,42,5,170.7046368,0.6284677023,0,Yes,6,High
6171,28,63,103.901627,0.6377979573,2,Yes,1,High
,24,180,24.30843186,0.371940899,5,No,1,Medium
9252,7,11,66.34849757,,5,Yes,3,High
3591,48,164,172.5743647,0.9544012972,2,No,9,Low
3397,36,82,,0.5820196636,5,Yes,2,Medium
,39,193,127.0422436,0.6217823126,1,Yes,6,Low
308,15,189,65.27289905,0.6535188001,5,Yes,3,High
3416,49,55,28.08976681,0.9019431342,4,No,6,Low
5507,3,151,124.0227443,0.1542300801,2,Yes,7,Low
7333,48,31,83.57070461,0.9039589911,8,No,7,Medium
1991,2,67,179.4264217,0.3157088578,1,Yes,2,High
9468,7,192,156.2771944,0.1701552246,2,Yes,3,Medium
3606,16,65,163.2628959,0.6915392669,3,Yes,4,High
2139,21,65,153.3043365,0.9792780798,3,Yes,8,Medium
3389,9,130,134.475615,0.1515178597,3,Yes,5,High
9744,12,49,31.70978801,0.4835096362,3,Yes,1,Medium
6745,29,153,88.30228129,0.5768060728,3,No,9,High
4861,24,176,133.5437056,0.3269070677,3,No,1,Medium
1717,33,133,85.47972802,0.9845849342,2,No,2,Low
8286,14,99,98.50008425,0.6768668931,3,No,7,Medium
534,43,95,136.2305855,0.8599156056,7,No,3,Low
1746,18,48,152.8028512,0.4741999138,4,No,6,Medium
6767,5,66,53.87036844,0.4185602984,2,Yes,8,Low
5358,15,65,133.5020505,0.5978421054,4,Yes,5,High
7290,7,83,128.2480611,0.4917505984,3,Yes,1,Low
1540,25,93,50.55657133,0.7434532496,3,No,3,High
6195,14,116,79.67583665,0.3392362812,1,No,2,Low
6975,40,115,107.484258,0.504631928,2,Yes,6,High
4543,36,54,169.4974147,0.9056194726,0,Yes,5,Low
4960,35,45,79.26238946,0.7804971103,1,Yes,7,Medium
9225,44,37,120.8827478,0.2512631485,3,Yes,2,High
,24,16,158.4383232,0.8981783465,6,No,6,High
7813,15,6,192.7340388,0.6301149314,2,Yes,5,Low
480,11,111,111.3413921,0.7113584649,4,No,6,Medium
9116,24,153,-5.983281157,0.3648309093,2,No,5,High
9830,11,146,146.1707632,0.4973898373,5,Yes,7,High
7273,44,38,110.5535251,0.826131231,2,No,5,Medium
1737,17,89,57.75421257,0.3976085969,6,No,7,Medium
,6,196,135.5531786,0.248555454,1,Yes,1,Medium
624,21,155,193.2665688,0.4404744217,3,No,9,High
3207,8,89,110.4494629,0.1622968007,4,No,6,Low
8242,15,54,18.90941065,0.7460708126,2,Yes,9,Low
1193,32,146,172.2046049,0.2329713179,4,Yes,1,High
204,10,110,101.1322218,,0,Yes,2,High
1839,28,50,135.6274316,0.892972905,1,Yes,7,High
3226,15,122,,0.5864478922,5,Yes,4,High
1776,12,9,122.8084313,0.3892045965,3,No,1,Medium
8004,43,70,133.2841526,0.592900201,5,Yes,5,High
8127,18,154,140.347468,0.2964498937,5,Yes,4,High
5016,37,74,107.3330946,0.1226558167,2,No,6,High
3034,44,112,61.97117158,0.6433592311,2,No,7,Medium
5256,24,6,109.6840176,0.7427133395,3,No,3,Medium
,37,33,139.4268618,0.8918035889,3,Yes,6,Medium
9733,29,65,62.31969284,0.794695025,2,Yes,2,High
1945,10,104,44.66757411,0.9340099304,2,Yes,4,Medium
3601,14,132,166.6513899,0.987358128,1,No,9,High
1641,16,148,184.5790736,0.770441903,0,Yes,7,High
566,37,196,101.9185984,0.8811309707,2,No,2,Low
3044,11,101,,0.7063583529,0,No,6,Medium
4394,26,101,,0.2538440121,6,No,4,Low
1691,40,18,-8.996922356,0.2635321837,2,No,8,Low
4172,19,47,110.3363424,0.1992335107,3,No,8,Medium
3672,18,175,173.2986493,0.948677248,3,No,1,Medium
9485,30,74,41.28124902,0.7054765281,6,Yes,8,Low
6078,32,59,36.70812052,0.8109187754,0,No,7,High
393,23,35,,0.3980416031,2,Yes,1,Low
9213,12,80,76.29322191,,2,No,3,Medium
5958,13,172,133.3571285,0.1358015787,0,No,5,High
1438,21,159,166.0320202,0.9001066604,3,No,3,Low
5309,21,56,164.8590362,0.8677030865,3,No,3,Low
3575,29,132,132.6973635,0.8063302014,3,No,1,Low
9833,29,11,20.44567567,0.1524718609,2,No,8,Medium
2598,27,178,,0.256824762,4,No,9,Low
9199,29,104,136.7090116,0.400753592,3,Yes,5,Medium
5828,15,165,20.65064999,0.3367564078,1,No,1,High
7417,47,140,127.7677464,0.8546138547,2,Yes,1,High
,12,137,113.8748348,0.2753521824,3,No,9,Low
3188,41,65,76.82695568,0.5789120188,4,No,1,Medium
6381,19,108,-27.31910981,0.614242988,1,Yes,9,Low
6895,12,192,110.0890888,0.4825106624,3,Yes,3,High
5727,23,156,125.5928394,0.3166191386,4,No,3,Medium
4090,5,11,72.19466196,0.9642648618,1,Yes,4,High
3851,26,193,45.40322697,0.472059318,5,No,5,High
7341,10,87,114.6667629,0.754578996,3,Yes,6,Medium
2197,22,99,27.38668237,0.2656418389,3,Yes,6,Medium
3274,39,168,130.8430218,0.8405300517,2,Yes,9,Medium
,23,31,152.7921455,0.2943026409,2,Yes,1,Low
398,11,128,1.99305278,0.7077759612,3,Yes,9,Low
4534,28,161,73.59316116,0.5558464013,1,No,4,Medium
4161,31,91,97.56156899,0.2319014269,4,Yes,7,Medium
573,8,152,99.03000417,0.1224542765,4,Yes,6,Low
5157,39,74,56.0503495,0.9376734388,0,Yes,9,Medium
5389,48,118,33.18689673,0.2131214622,3,No,2,High
,28,80,76.99300558,0.7344562858,5,No,2,Medium
8740,16,118,132.2059059,0.6874164631,6,Yes,7,Low
2321,46,7,128.523902,0.4075480382,4,No,9,Medium
5351,47,171,129.1350922,0.2668446096,1,No,5,Medium
3711,31,103,162.5494914,0.2604954245,1,No,7,High
2742,41,128,47.63296964,0.6267950677,1,Yes,8,Medium
2020,48,49,81.101175,0.5922291652,4,Yes,8,Low
7175,16,130,90.75815611,0.8883415183,1,No,4,Low
6094,5,72,-44.12406176,0.6760027706,3,No,7,High
2416,35,35,111.2120988,0.8373474785,1,Yes,1,High
1374,25,110,98.51667132,0.1291717562,5,Yes,4,Low
9907,13,42,43.18224756,0.7038938323,4,No,5,Medium
5083,29,138,143.5646454,0.3103377746,7,Yes,7,Low
7934,27,12,140.4051848,0.327555064,2,No,6,High
,40,32,119.9914414,0.7485188762,4,Yes,4,Low
359,17,19,14.55853036,,4,Yes,3,High
3306,37,12,51.34956444,,1,Yes,6,Low
9804,38,58,115.2017743,0.8110691352,2,Yes,5,Medium
5278,29,138,73.15220435,0.4993702078,4,No,3,Medium
5458,34,33,88.45862094,0.8718808135,2,Yes,4,High
4607,30,119,44.94238623,0.122413395,2,Yes,2,Medium
6558,31,38,109.5953378,0.1751455637,2,Yes,9,High
7641,22,11,175.2395292,0.7987166265,3,Yes,7,Medium
3608,46,44,116.1869332,0.661680665,1,Yes,3,Low
7405,25,78,148.5622719,0.6031182283,1,No,8,Medium
5094,4,145,143.8806502,0.6525809266,1,No,8,Low
8523,35,66,82.09047497,0.9371715647,3,Yes,1,High
6854,41,90,90.72193354,0.6899833283,2,No,5,Medium
9021,44,120,173.5351483,0.682728505,5,Yes,5,Medium
5616,9,69,136.6269518,0.7835237917,4,No,3,Low
5968,26,45,148.0435327,0.8799586351,6,Yes,2,High
5899,27,127,108.3301674,0.3357212304,2,Yes,1,Medium
3029,27,174,80.40218583,0.6550739733,4,No,4,High
8609,18,120,86.48755215,0.6255774672,5,Yes,2,High
1630,30,70,168.8640145,0.2213645333,4,Yes,5,Medium
8013,45,120,99.95948876,0.5682852765,6,Yes,2,Low
9402,46,143,162.3824546,0.1625954633,5,Yes,1,High
815,31,105,170.2567784,0.2664636287,3,Yes,9,High
9633,42,54,146.0304547,0.9216667737,4,No,2,Medium
7627,3,75,140.1823339,,3,No,4,High
3412,29,167,184.8452267,,3,No,3,Medium
7323,7,84,57.7193783,0.3911326264,2,No,1,High
,18,83,79.38578738,0.5997819617,3,Yes,8,Low
7127,16,24,37.03207367,0.3114761882,3,Yes,2,Low
301,49,160,25.12775499,0.4999415092,3,No,8,Low
,32,127,97.78422978,0.8806000898,4,Yes,1,Low
9964,38,41,113.4285754,0.43859528,4,No,6,Medium
9348,25,7,125.268009,0.4177278442,2,Yes,4,Medium
3771,44,97,65.13590354,0.5015062713,2,Yes,3,Medium
8710,32,191,79.34742359,0.1904435598,3,No,1,Medium
7470,19,105,142.3369533,0.4486123221,2,No,1,Medium
2698,3,159,26.97464661,0.1062102256,2,No,7,Low
8917,35,36,100.6338003,0.5530574306,0,No,6,High
,29,52,165.29707,0.8631469712,4,No,3,High
3029,11,50,86.71980749,0.5968657936,1,No,2,Low
3483,6,118,78.94192135,0.6469526604,3,No,3,Low
3640,19,99,162.1417001,0.1275070341,2,Yes,8,Medium
493,37,51,29.31331764,0.8735634821,3,No,7,Medium
,45,44,59.79857308,0.4465031975,3,No,7,High
6877,27,135,61.71971172,0.9773674125,1,No,5,High
8923,5,120,134.7107411,0.2084188326,5,Yes,3,Medium
421,26,161,19.79716617,0.9502046963,3,Yes,1,Medium
4769,35,95,161.6808506,0.6708618157,4,Yes,1,Low
1793,19,62,98.66943057,0.1471062703,4,No,6,Medium
1163,17,182,152.2897844,0.9745291701,2,Yes,4,Low
8021,35,14,162.0412534,0.1124857613,3,No,7,Medium
,47,65,60.72003082,0.7576301518,1,No,1,High
9768,49,115,100.9168844,0.9005769535,1,Yes,6,Low
3361,13,125,88.59639505,0.2582303988,1,No,7,High
3186,14,65,96.72773502,0.4090214716,4,Yes,1,Low
3911,30,155,71.52001714,0.6051064065,3,Yes,2,Low
3451,48,10,155.7082824,0.7118283573,5,Yes,9,High
7180,43,79,90.69695506,0.884688281,2,Yes,9,High
9250,17,192,83.29347952,0.7849634238,7,No,6,Medium
4243,37,119,156.1773372,0.4269980294,6,Yes,4,Low
6432,15,159,141.8086189,0.8395478306,6,Yes,7,Medium
6547,18,187,114.3772671,0.969469049,3,No,5,Low
9874,48,35,80.380621,0.3042875631,3,No,3,Medium
7963,14,127,173.2305342,0.1666860341,3,Yes,4,High
3276,14,162,47.15753729,0.4839577587,2,Yes,2,High
2516,45,71,153.619158,0.8932573936,5,Yes,6,Medium
7768,33,17,131.3226541,0.2352623544,2,Yes,3,High
8751,38,63,36.67984209,0.8972183691,4,No,7,Medium
2411,11,58,103.695259,0.9929917214,0,Yes,4,Low
1329,11,108,33.96278587,0.1486020078,2,No,8,Low
1630,48,25,82.60492785,0.5457307365,8,No,1,High
9679,26,47,114.0079644,0.3959969452,3,No,9,High
2897,3,15,49.28482451,0.4543118694,2,Yes,3,High
1463,25,113,-17.38898538,0.5064712771,2,Yes,3,Low
4602,17,71,93.61231518,0.7657335608,1,No,5,Medium
552,22,170,110.7278071,0.6321697329,3,Yes,1,High
,29,99,81.15122584,0.9650809794,2,No,3,Medium
6096,46,156,99.23052714,0.3994881393,2,No,4,High
677,26,110,91.01926233,0.5873536742,3,Yes,2,High
4019,34,55,49.11663101,0.8319956778,5,Yes,6,High
7417,26,193,197.3559008,0.4357255753,1,No,4,Medium
3364,9,50,115.8493776,0.5187692805,3,No,1,Medium
2031,40,47,78.70850902,0.7164770974,4,No,3,Medium
4342,11,31,58.7608005,0.8746697967,4,Yes,7,Low
8281,7,89,80.12177735,0.4741133234,5,Yes,3,Low
282,30,162,81.75199087,0.5787554249,5,Yes,6,Low
8527,2,98,101.9076472,0.9776100568,0,No,6,Medium
,30,131,,0.1382222458,4,Yes,1,Low
3105,4,195,59.7715076,0.503405845,3,No,2,High
,14,14,108.8862029,0.672383666,2,No,6,Medium
624,13,135,139.9818837,0.1075847118,3,Yes,2,High
5759,25,64,66.30762764,0.6371078514,4,No,2,High
2470,13,31,66.02021165,0.1505799592,5,No,4,Medium
9576,13,127,24.54475451,0.871802557,5,No,8,High
1735,37,177,184.060547,0.826377486,2,Yes,6,Medium
4532,44,66,125.3962777,0.1290296231,4,No,8,Low
7567,6,156,71.48096762,0.1439236221,1,No,4,Medium
4314,26,50,69.31573166,0.7782525384,6,Yes,3,Medium
9873,14,130,48.43089175,0.4325904033,5,No,7,High
,8,176,107.8550182,0.6175232091,4,Yes,7,High
7950,24,67,82.89246854,0.3432954428,1,Yes,2,High
4041,22,8,54.13074109,0.2556719885,2,No,1,High
8487,40,20,61.41310332,0.3664694058,3,No,8,High
8624,39,183,,0.3220423302,5,Yes,3,High
3191,49,78,80.9282662,0.5034766944,1,No,6,High
4818,21,116,38.59727438,0.7720085488,0,No,7,High
8949,43,105,103.2339665,0.5987164671,2,No,8,High
8995,26,180,65.68789584,0.6482604771,2,No,6,Medium
5652,10,197,132.3036242,0.5230707368,4,Yes,7,High
5078,13,49,175.3470941,0.3922602762,1,Yes,5,High
9741,42,135,3.12760135,0.2291579428,1,No,3,Medium
1352,14,21,64.65296056,0.4191089132,3,Yes,2,Low
8815,9,169,106.9258224,0.6986787546,5,Yes,7,Low
2522,7,9,96.17736297,0.7603996806,2,Yes,8,Medium
,39,179,162.5925566,0.5222633895,1,No,8,Low
9067,31,48,99.03492623,0.6804975471,3,Yes,3,High
127,16,165,110.2174715,0.2894869737,3,Yes,2,High
7639,8,25,121.5414885,0.8740596887,1,Yes,9,High
185,48,199,65.95783555,0.8793428056,3,Yes,6,Low
,15,72,125.7598498,0.3882951345,1,Yes,3,Medium
4381,25,36,120.2787641,0.5929410154,4,No,5,High
4753,47,28,105.1597218,0.6459958256,2,No,1,Medium
8133,38,167,,0.5251870349,1,Yes,2,Medium
7764,41,150,61.94986681,0.9200279382,3,No,9,High
5166,15,71,,0.7657452521,3,Yes,3,Medium
356,25,107,95.24391627,0.7052594433,5,No,8,Medium
1547,7,58,137.4491875,0.5680838994,3,No,8,High
5800,26,158,137.8487373,0.1763625969,2,No,5,Medium
4699,8,192,117.2295514,0.1970392399,2,No,8,Low
3443,18,129,137.856407,,2,No,2,High
793,21,121,125.0047032,0.2903700415,1,No,2,High
8774,16,69,73.68501255,0.9572778747,1,No,4,High
3765,47,183,99.70869466,0.4688312668,4,Yes,8,High
2774,3,118,45.05714939,0.8889448948,6,Yes,2,High
450,1,192,174.6697048,0.8362717153,2,Yes,4,High
8940,13,191,37.27662569,0.8313132455,2,Yes,8,High
7144,32,80,-4.205610448,0.2941367726,3,Yes,3,Low
8519,12,21,206.0332341,0.5025896317,2,No,8,Medium
2163,31,153,95.35728649,0.3861567925,4,No,2,Low
6029,41,199,144.7377288,,2,No,1,Medium
8716,2,112,136.6469619,0.8890698712,1,Yes,6,High
7513,41,32,152.2699105,0.3249312949,1,No,8,Low
1921,8,48,129.5566673,0.3821683247,3,No,9,High
4989,25,194,129.8691712,0.5760183138,2,Yes,8,Medium
1685,5,174,-17.00031883,0.3507452066,4,Yes,2,Low
9970,45,98,51.81901713,0.8420769699,3,No,1,Low
,2,26,-31.39234971,0.8373081501,4,No,7,Medium
2380,42,42,59.00395999,0.751906394,3,No,7,Medium
3849,38,18,73.34755498,0.7203791843,2,No,3,Low
2638,39,115,94.17105774,0.5925713567,3,Yes,6,Low
9308,3,126,52.61335851,0.4124010314,2,Yes,7,Low
543,46,158,82.3786184,0.8532446075,2,Yes,9,Medium
2167,48,172,74.10540988,0.8729489541,4,No,1,High
,38,58,117.2707145,0.144558522,1,No,3,Low
2634,22,145,137.9562771,0.4587574725,2,Yes,5,Medium
188,40,131,110.7103803,0.1239648224,4,No,3,Low
3490,33,23,131.5155421,0.8555296552,2,No,8,Medium
5337,32,46,109.5419941,0.2593839219,0,Yes,6,Low
6677,47,45,159.3501334,0.7064800883,3,Yes,2,Medium
2041,17,54,193.2073449,0.4216382359,3,No,1,Medium
3410,18,135,-22.312909,0.8344589079,1,Yes,5,Low
8363,3,163,156.6602359,0.5587182102,7,No,9,Medium
921,6,80,35.51996127,0.391961732,6,No,9,Medium
8172,49,147,109.2899313,0.3914836005,6,No,1,Medium
,13,186,113.0677617,0.3942345182,4,No,3,Medium
8695,31,185,130.4218063,0.8097212952,6,No,6,Medium
1798,17,177,97.45322823,0.7400040389,5,No,5,Medium
7462,21,170,99.75596279,0.3872926966,3,Yes,4,Medium
5791,16,103,117.1698214,0.54118728,1,Yes,2,Medium
5829,17,54,82.69290857,0.168538047,5,No,4,Low
2053,32,156,5.027237419,0.8447502415,4,No,5,Medium
5063,1,149,99.91231726,0.3393593285,1,No,2,High
6086,48,150,62.55856871,0.9003026277,4,Yes,1,Low
7852,38,46,58.28581598,0.6371170237,1,No,7,Low
5091,8,149,53.42161851,0.611038146,3,Yes,7,High
3901,1,20,1.437314545,0.2464468681,5,Yes,8,Medium
8547,2,89,80.01642704,0.1625818236,2,No,6,High
2031,47,56,100.0399134,0.5973549229,7,Yes,1,High
1211,37,40,138.4005205,0.5211902109,5,Yes,8,High
972,24,111,70.46355876,0.2077147302,2,Yes,2,Low
8054,27,171,178.8758076,,2,No,3,Medium
4687,20,85,129.1878794,0.4755161073,6,Yes,8,Low
6579,47,157,43.94570206,0.3344120204,1,No,4,Medium
1661,21,119,75.58578285,0.8094448838,1,Yes,5,High
5626,42,46,201.0771822,0.9217577411,2,Yes,9,Low
4557,37,153,137.9976209,0.3753664329,2,Yes,7,Medium
5660,35,72,73.65578324,0.7983548969,2,Yes,7,Medium
7981,38,191,144.6328079,0.6872676913,1,Yes,1,High
9185,15,128,36.93917991,0.9907550054,2,No,1,Low
7815,46,34,72.36614075,0.2835934367,2,No,8,Low
2784,42,189,-16.49723541,0.9646110951,2,Yes,1,Low
9538,30,37,130.1852447,0.383744851,8,Yes,2,Low
846,4,107,41.72207343,0.4707588683,2,Yes,4,Low
5343,43,57,95.97111824,0.4229432327,4,Yes,9,Low
6926,39,148,22.67822333,0.3416056274,3,No,7,Low
4185,15,181,110.0207956,0.7239003233,6,No,7,High
6217,23,137,96.29216544,0.6302307887,2,Yes,7,Medium
,41,110,26.30815041,0.3751227511,1,No,5,High
8229,15,81,76.13308874,0.2189912109,2,Yes,1,Medium
4410,26,98,106.6598628,,3,Yes,5,Medium
9182,12,64,122.2590271,0.4431081805,5,No,8,Medium
2976,18,115,179.1650827,0.4425880988,3,No,7,Low
9923,6,59,160.8937402,0.4215335804,5,Yes,7,Low
2126,18,95,65.24746083,0.1438502556,1,Yes,2,Medium
5656,24,167,64.63761099,,4,Yes,1,Medium
,38,46,28.46801682,0.8525872875,2,No,4,Low
5341,28,73,49.51304934,0.2623296627,3,Yes,8,Low
5769,15,28,143.0077705,0.2310916091,3,No,1,Medium
5499,19,122,20.54417909,0.5246659497,2,Yes,2,Medium
9033,5,187,92.25358982,0.4335427109,3,No,7,High
3108,4,146,84.9224979,,3,No,5,Low
7595,17,59,62.10830251,0.9523668787,3,No,6,Low
3762,10,19,34.88410438,0.7847976253,8,Yes,8,Medium
5520,12,9,5.282440229,0.7183523379,6,Yes,9,High
3011,5,105,35.33367206,,1,Yes,8,Low
6997,7,136,95.84479565,0.3586238527,3,No,1,High
5585,44,34,129.8828669,0.586237693,3,No,4,High
5938,23,57,180.5965753,0.8968991749,2,No,5,Low
873,2,77,116.7241671,0.8890682595,2,No,9,Medium
2244,30,34,129.6388182,0.5009634539,2,No,6,High
9284,49,108,180.4108023,0.3215983179,8,No,6,Medium
6080,45,109,116.9164605,0.3028100052,3,No,3,Low
6497,37,112,149.1539405,0.1305895751,2,Yes,2,High
8241,5,88,81.02040577,0.8583978217,5,No,2,Medium
3337,20,96,136.0625544,0.3383542304,3,No,7,High
8295,26,193,110.4998743,0.4230992269,3,No,5,High
5682,44,75,87.90780042,0.8282945268,3,No,1,High
6388,44,72,177.3601108,,1,No,5,Low
8456,39,59,39.84542856,0.5151106709,2,Yes,1,Medium
1997,6,103,57.00444021,0.2101072419,2,No,9,High
5533,29,101,158.8802339,0.4976637126,6,No,8,Medium
2667,10,75,148.5574529,,3,No,4,Low
8230,16,77,,0.5658605434,1,Yes,1,High
5817,34,174,116.9846845,0.8161387472,2,No,8,High
6852,31,81,125.8692006,0.7086670073,2,No,5,High
2659,36,161,,0.5582521086,2,Yes,1,Medium
9630,41,167,112.057805,0.8458828409,2,No,2,Medium
4737,5,177,57.97644599,0.3050091775,6,No,5,High
712,33,112,161.9115986,0.8477166565,3,Yes,9,Medium
7846,43,94,89.79743013,0.3487271316,3,Yes,8,Medium
1984,19,103,50.47114342,0.4262377071,5,Yes,8,High
4124,32,161,106.7048479,0.2155871815,2,No,9,High
3234,23,7,117.1606549,0.1915792807,2,No,2,High
9347,3,189,119.7677468,0.9389003669,1,No,7,Low
1722,1,198,148.6392652,0.2709804225,4,No,5,High
3382,36,123,81.00958099,0.3999665396,2,No,3,High
2710,41,154,96.7421552,0.5762365291,2,Yes,8,High
3169,28,115,57.80235891,,2,No,2,High
6586,48,159,111.6859202,0.883119955,1,Yes,4,High
1355,39,26,57.06751855,0.9106432871,5,No,5,High
2760,5,120,70.50416708,0.3933914117,5,Yes,5,High
9334,13,117,149.1725695,0.1828249266,1,Yes,4,High
4552,11,181,106.8239912,0.2891424106,0,No,3,Low
9734,46,28,171.228297,0.5269536287,1,Yes,3,Medium
7202,22,31,158.8358764,0.359632938,0,No,5,Low
4276,49,40,110.7871928,0.5081250138,1,No,6,Low
3786,23,111,,0.7828331497,2,Yes,1,High
5337,12,149,88.07521209,,3,Yes,4,High
7761,21,60,152.1953704,0.2772977106,2,No,6,High
890,19,14,118.1562227,0.4221708765,3,No,2,High
8516,5,58,145.4780467,0.7686830963,3,No,5,Medium
3134,24,85,67.65677381,0.4816559082,2,No,9,Medium
325,30,112,31.94633,0.3245840677,3,Yes,3,Low
5448,8,170,125.1127298,0.4846704753,4,No,3,Medium
6566,2,85,135.1396554,0.5093260189,4,Yes,9,Low
3279,49,131,103.7594789,0.3667394843,1,No,3,High
9103,34,102,128.9308199,0.9961165803,3,No,4,Low
4323,23,136,57.40000396,0.790863417,5,No,9,Low
7620,3,182,146.9649002,0.7232094883,9,Yes,4,Medium
4166,24,65,158.5859356,0.8693802861,3,Yes,5,Low
4462,18,153,151.0340892,0.6997772762,4,Yes,2,High
5123,47,40,106.1984283,0.8118823087,4,No,8,High
4409,37,106,,0.4712730801,4,No,9,High
346,49,50,42.85659382,0.5503345929,1,Yes,4,High
5837,31,99,128.6736068,0.142296745,2,No,3,Medium
1718,14,75,135.8225046,0.3525817523,1,Yes,4,Low
8712,1,48,,0.4312111683,5,Yes,7,Low
5260,14,68,52.98150261,0.6629232029,3,No,1,Low
1471,41,150,111.467903,,1,Yes,2,Low
7828,5,17,,,3,No,5,High
4338,31,17,2.130031616,0.7419946011,3,No,9,Medium
2712,31,29,41.11430398,0.1384468009,4,Yes,6,Low
2180,30,9,158.0629087,0.3324499723,4,No,3,Low
6019,36,132,80.10427907,0.2538134853,2,Yes,3,Medium
4424,1,43,152.8065266,0.2687096073,0,Yes,7,Low
7897,3,161,157.1825405,0.5528128561,5,Yes,3,Medium
2835,20,112,127.3120379,0.7659808988,2,No,3,Low
6183,43,189,69.27844347,0.3454993305,0,Yes,7,Medium
7452,48,178,147.211729,0.8420043143,3,No,9,Low
9121,43,165,110.6778161,0.9032108655,0,Yes,9,High
3158,21,142,102.2333967,0.4154804848,2,No,3,Low
9141,30,190,54.41965248,0.7132208851,4,Yes,8,High
5434,42,29,,0.2053443647,2,Yes,1,Medium
1253,44,78,55.14724524,0.7696254569,7,No,8,High
5040,30,43,147.9565084,0.2485214879,0,Yes,2,Low
3179,5,20,176.7184636,0.7186742234,1,Yes,4,High
502,10,192,146.1842716,0.4797100031,2,No,7,High
3075,24,160,109.9461438,0.9356106895,1,No,6,Low
9894,45,176,84.65811203,0.5180145236,1,Yes,9,Medium
7636,39,190,123.8208093,0.1278125357,3,Yes,8,High
,48,36,79.14619932,0.5326021326,2,No,2,Low
6860,6,67,98.43190641,,3,Yes,4,High
1080,10,97,58.92660343,0.6823758978,1,No,1,Medium
6780,42,49,132.5320421,0.969683677,3,No,7,Medium
2484,43,57,135.0454127,0.8589452411,2,Yes,4,Medium
9090,10,193,145.4427818,0.5738964966,3,No,8,High
1466,25,54,127.8892804,0.285868509,2,No,2,Low
3038,14,159,124.398507,0.1033971668,7,Yes,8,Medium
1362,47,30,47.80889837,0.9824521573,4,Yes,2,Low
7759,39,135,,0.9444877285,7,Yes,8,Medium
6287,13,94,116.5528097,0.3467295947,2,Yes,1,High
8595,11,43,155.0448949,0.6743942076,1,No,2,High
9985,39,197,86.63842325,,4,No,5,Medium
2416,11,167,100.2804392,0.6202121149,2,No,1,Low
8009,46,57,100.7998039,0.8586655074,5,Yes,5,Low
1021,49,178,7.835583086,0.1700421836,2,No,5,Medium
7214,16,26,112.0212209,0.9068446307,2,Yes,7,High
6674,33,192,72.50739859,0.45281711,1,No,2,Low
8712,41,138,130.5540215,0.5326210194,1,Yes,2,Low
5629,41,56,98.4331355,0.5002602854,5,Yes,6,High
3909,32,79,91.03687322,0.5781576007,2,No,3,Low
1266,10,77,92.12604806,0.6383516247,3,Yes,8,Medium
8831,15,33,83.64901773,0.7393090897,2,No,3,High
6368,16,175,31.92258291,0.5724463052,4,No,4,Medium
5431,43,126,147.6674281,0.7162959304,3,No,7,High
5129,27,166,68.30480266,0.4044676992,5,No,1,Medium
1560,49,163,76.61238782,,2,Yes,1,Medium
4787,45,90,103.9532727,0.1580779178,2,No,9,Medium
5457,32,50,44.22235056,0.5909865477,4,No,6,Low
4839,6,8,75.04601206,0.1786565584,3,No,5,Low
427,47,6,195.8246509,0.4984903324,2,Yes,2,Medium
5338,48,137,116.8367182,0.3318241219,3,No,2,Medium
8643,36,50,57.10985869,0.9432131046,2,Yes,7,High
5232,8,83,-4.066985767,0.1117678477,7,No,6,Low
4832,25,151,150.0697121,0.452083268,2,No,8,Medium
,7,170,49.39583604,0.8038384747,5,No,3,Low
5391,17,63,72.856512,0.2696152714,2,No,3,High
8525,48,76,79.1882859,0.8340293842,2,No,5,Medium
3222,30,24,54.34353469,0.873752579,5,Yes,4,Low
4976,2,57,96.18818434,0.7372026997,3,Yes,8,High
2828,17,111,72.4294409,0.2881622642,5,No,6,Medium
9224,4,59,,0.3448347909,2,No,8,Low
8095,26,171,107.0275849,0.2502412558,3,No,7,High
1923,14,125,171.606427,0.2656573635,0,Yes,2,High
3600,8,168,172.6175921,0.1328430668,3,No,9,Low
4173,5,190,52.25915553,0.8715835731,3,Yes,6,Medium
9152,5,19,83.64923984,0.5756520587,4,No,6,Low
1330,5,5,,0.3949833015,2,No,2,High
4495,27,99,42.07702535,0.3606192965,2,No,9,High
6151,5,141,139.8812643,0.5902266668,3,Yes,1,Medium
1576,3,155,127.3998941,0.3940163396,7,No,6,Low
2123,38,184,57.55251393,0.8773461775,3,Yes,8,Medium
2696,30,158,59.96505942,0.2898616915,0,No,2,Medium
7940,1,192,192.2471931,0.8940716123,4,Yes,3,High
7221,8,22,191.2476312,0.6976832077,3,Yes,7,Low
2530,13,109,121.495782,0.9609662984,5,No,1,Low
8054,20,190,30.68978371,0.1135965175,6,Yes,5,High
7043,6,69,162.8428935,0.1531860091,3,No,6,High
633,48,81,30.47823526,0.5508051345,3,No,7,Low
1356,8,120,135.7599513,0.921140947,3,No,7,Medium
1757,30,73,19.03688629,0.7577154564,4,No,3,Medium
9444,49,146,100.3809252,0.6599223393,1,Yes,7,Low
1852,40,178,144.2490391,0.1284419401,4,No,1,Medium
,15,79,-41.26792055,0.4187474096,4,Yes,4,Medium
6813,10,164,73.58104448,0.4112676036,5,No,7,High
3078,33,55,,0.587877114,2,Yes,7,Medium
4432,9,19,82.79097767,,2,No,4,High
3753,49,185,66.44627123,0.3404401437,2,Yes,1,Medium
3113,33,73,93.32622653,0.6587747201,4,No,8,Low
,9,19,151.8761912,0.950110789,1,No,4,High
7752,14,34,168.4477453,0.6941611933,4,No,2,Low
,32,82,135.2510582,0.7013171116,0,Yes,4,High
4966,37,156,177.6680631,0.987593332,7,No,8,Medium
1864,6,39,73.26097145,0.2381303504,2,No,8,Low
1222,5,73,129.8392329,0.1304512968,6,Yes,5,High
3930,4,144,49.05767296,0.7709625557,0,Yes,2,Low
6800,48,50,246.5562224,0.4949086899,2,No,7,Low
3058,16,130,105.0073531,0.4859410193,5,Yes,3,Medium
9714,10,168,140.2053466,0.3027730387,3,Yes,6,High
1640,31,89,11.87675461,0.5561767365,2,No,9,Medium
8814,31,52,139.0667273,0.4979551094,3,Yes,5,Low
5567,14,71,105.684962,0.4109050071,2,Yes,9,High
,13,186,123.205245,0.4984706434,4,Yes,4,Low
5770,4,93,100.6786091,0.4454512937,2,No,9,Low
1838,46,168,94.01014163,,3,Yes,1,High
4289,26,56,84.59257129,0.9822264917,2,No,4,Low
2633,24,26,95.5171211,0.8559108393,2,No,1,High
5369,9,170,173.4137629,0.9913726819,6,Yes,9,High
8790,35,103,81.63083553,0.3391474861,4,No,8,High
2518,42,194,212.9391877,0.8586325989,1,No,8,Low
5176,15,197,,0.4659661107,5,No,7,Medium
584,24,135,169.9983515,0.771522758,2,No,9,Low
764,31,92,157.1963053,0.2812533766,1,Yes,3,Low
3554,19,140,21.82815594,0.8307604808,1,No,7,High
727,2,122,32.40661663,0.1751179835,1,No,6,Medium
,2,43,66.08846134,,0,No,5,High
9023,41,22,22.81581473,0.8397573552,3,Yes,9,Low
4387,36,109,79.3468907,0.7724432996,4,Yes,4,Medium
9536,37,135,101.4058978,0.5511220795,4,No,3,High
5266,34,150,132.4304733,0.7055134969,8,No,3,Low
3974,39,84,109.0288207,0.267016622,2,Yes,2,Low
9431,19,121,100.2619892,0.7009872601,1,Yes,1,Medium
4640,38,5,151.1870645,0.1071785506,4,Yes,3,Low
7576,23,121,144.4941588,0.8498942806,3,No,8,Low
807,16,132,195.3920623,0.5646588472,5,Yes,6,Low
8724,46,30,109.3311922,0.9494906064,2,Yes,2,Low
8764,44,184,-20.54890993,0.5303478406,4,No,8,Medium
147,6,16,121.3599309,0.4897785541,1,No,5,Low
2014,26,42,213.4515607,0.5050475312,6,Yes,4,Low
1205,22,89,151.2993047,0.4237557582,4,No,1,Low
3280,45,173,162.7650035,0.2500075755,5,No,1,Medium
8649,47,57,,0.8578564543,3,No,4,Medium
667,24,17,145.6568324,0.450176867,2,Yes,9,High
8771,46,132,165.3964266,0.5761975854,2,No,6,Medium
966,40,80,83.28748425,0.1178982248,1,No,1,Low
1128,21,17,74.96085252,0.1542284854,4,No,8,Medium
1913,30,150,122.7351531,0.6374649065,3,No,9,Medium
3828,11,151,148.4630765,0.8913052743,2,No,2,Medium
5613,9,151,-37.76845156,0.5440562452,2,No,6,Low
3626,12,52,90.26103165,0.2484771225,1,No,7,High
4903,26,75,2.327287522,0.2045145829,1,No,1,High
6669,38,160,93.87113856,0.9098092013,1,No,5,High
1150,3,96,,0.7314740686,5,Yes,5,High
8418,33,151,68.79908204,0.9695759991,1,No,3,Medium
6378,15,90,85.69578621,0.1741137592,3,No,2,High
1752,47,87,133.0967884,,1,No,1,Medium
,5,52,149.6892667,0.8610690813,2,No,6,Medium
4808,24,33,147.8083317,0.9038666646,1,No,7,High
9576,11,180,101.8658976,0.1051866609,2,No,2,Low
5418,33,23,128.523342,0.7677131325,4,Yes,2,High
5959,23,103,126.3291663,,2,No,5,High
6715,10,51,64.81271489,0.6158614904,2,No,5,Medium
8470,43,93,12.44773141,0.5222817886,2,Yes,3,Medium
6693,28,64,55.1487864,0.768409226,0,Yes,3,High
3695,39,180,,0.9998553614,3,Yes,1,High
5010,17,152,210.6606593,0.7394845233,1,No,3,Low
3354,44,151,95.44907969,0.7102453744,5,No,9,Low
4553,26,46,170.0090024,0.6889939441,2,No,2,Low
2523,25,81,85.13009127,0.7256905029,3,No,1,Medium
8208,36,80,117.4516558,0.4079012207,2,No,9,Low
4897,12,181,69.28975141,0.3881977693,0,No,5,Medium
7081,3,147,150.7274269,0.8059041804,3,Yes,8,Medium
8037,29,192,68.06920567,0.1477792156,3,No,4,High
6781,44,72,55.36932505,0.7833229644,3,No,8,Low
,24,83,102.3375494,0.8324574267,3,Yes,5,High
4277,19,159,140.8383209,0.5694381636,4,No,6,High
3529,13,79,108.1826556,0.9191332859,0,Yes,6,Medium
284,16,187,76.54866325,0.5257786934,4,Yes,6,Low
3233,40,91,55.01609392,0.2602780013,6,Yes,2,High
5078,27,19,15.65541389,0.4252587838,3,Yes,9,Medium
8798,6,184,77.18734564,0.9152807553,2,No,7,High
6237,42,163,92.35430821,0.9943644595,1,No,3,Low
2032,10,94,127.6980279,0.4796685703,3,No,2,Medium
6274,38,11,,0.250161891,7,No,4,Low
5512,8,17,133.40938,0.3576963522,4,No,8,High
1296,18,186,70.29207858,0.5979667083,2,No,9,Medium
5347,32,17,74.31147026,0.6148863264,3,Yes,2,High
4281,17,152,162.4359883,0.667053466,1,Yes,6,High
1438,42,14,-23.86742031,0.8518180353,3,Yes,8,Low
6271,2,128,38.65855304,0.7400927365,4,Yes,3,Medium
2720,44,184,102.2822779,0.3347562039,3,Yes,9,High
6646,20,169,99.75145021,0.4555396546,2,No,4,Low
8974,10,184,14.90077447,0.8558349254,3,No,5,Low
6031,9,130,75.28964756,0.6700444035,2,Yes,7,Medium
,48,31,147.9007592,0.2497762434,5,Yes,5,High
9709,39,166,41.85847831,0.3929849237,5,No,4,Medium
118,41,104,154.0376138,,3,No,4,Medium
6071,25,194,64.19198715,0.254884711,2,No,5,High
564,25,20,6.353797016,0.7219455874,5,No,3,Medium
8982,24,63,140.954276,0.6071828826,3,No,9,Medium
9302,6,25,112.5345888,0.2327274158,3,Yes,2,Medium
5410,30,20,26.70316872,0.7199910316,2,Yes,7,Low
8179,10,17,72.86105103,0.2281140736,2,Yes,4,High
4120,39,37,186.2481541,0.4585920212,1,No,8,Medium
262,31,186,132.9176171,0.3777039321,3,Yes,7,Low
9927,18,73,155.769303,0.7210089574,3,Yes,8,Low
394,43,159,43.08411658,,2,Yes,4,Medium
8870,33,56,161.2639226,0.2514849238,3,No,2,High
7340,19,69,28.80234951,0.8307970683,3,No,7,Low
6944,23,48,30.38403993,0.1064926504,4,No,9,Medium
1685,5,162,141.7559657,0.5770526926,2,No,6,High
3480,26,155,33.44597855,0.5651100009,6,Yes,7,High
5527,29,83,175.8780477,,3,Yes,6,Medium
6912,24,20,37.37950611,0.3157304773,2,No,2,Low
,6,187,,0.1088711469,2,No,9,High
9133,39,22,157.6585782,0.5092866245,2,No,5,High
6443,4,21,68.96239451,0.1642655901,3,Yes,3,High
3031,48,56,139.7577412,0.9029744981,1,No,4,High
7141,42,177,44.3306818,0.2562996931,2,Yes,4,Low
5799,26,60,86.16996302,0.4827096707,3,No,9,Low
8737,15,97,137.0432458,0.4906003512,5,No,5,Medium
8371,13,186,57.7137941,0.5975781831,1,No,2,Medium
4940,40,13,151.1363423,0.8042791139,4,Yes,6,Low
7736,22,149,81.98572462,0.5249333355,6,No,7,Medium
1960,13,31,106.0045584,0.1231779405,0,Yes,8,High
5661,39,41,49.86687392,0.7939993701,3,Yes,5,Low
1030,17,26,61.48191289,0.1739559832,3,No,8,High
2034,36,76,57.79288224,0.677397963,0,Yes,8,Low
4467,39,199,69.5513365,0.8230865578,4,No,4,Low
2271,48,170,177.3101526,0.3544211552,4,No,7,Medium
3394,25,103,156.0394957,0.5041958335,2,No,9,Low
4847,34,76,122.5899789,0.112902258,2,No,4,Medium
4492,21,176,67.06908821,0.8234876796,5,Yes,9,Low
,25,127,57.89605227,0.7329349809,1,Yes,4,High
2934,25,95,51.5192854,0.3082486549,5,No,1,High
9946,22,40,84.80831313,0.4512035781,1,No,4,High
7216,23,102,114.0064607,0.7257848516,4,Yes,2,High
3028,25,157,130.7135779,0.4223468097,3,Yes,6,High
7525,14,46,100.7204083,0.246173298,4,Yes,8,High
5850,14,115,128.272406,0.566654976,4,Yes,6,Low
6594,26,17,146.7975652,0.7512108133,0,No,9,Medium
1772,40,188,81.41219662,0.3887285563,0,Yes,6,Low
8290,30,83,154.919007,0.2095950445,2,Yes,7,High
7544,26,122,,0.8465897456,5,No,5,High
4450,38,183,129.3190958,0.3275216798,2,No,8,Low
1387,22,182,101.5982046,0.5615334587,2,Yes,2,Medium
6710,39,56,,0.7222088345,2,No,2,Medium
9350,39,165,81.60992657,0.3853676804,2,Yes,8,Medium
8893,34,99,162.3660544,0.6837728836,4,No,6,Medium
,25,157,,0.5137385558,5,Yes,2,High
5287,36,116,169.3729113,0.6133929896,4,No,6,High
230,13,62,169.7016033,0.6315184933,2,Yes,8,Medium
8144,29,172,122.5556044,0.8417356182,4,No,6,Low
8402,42,91,84.35816913,0.6906936461,3,Yes,9,Low
2834,9,170,58.11133021,0.337876023,1,No,6,High
9122,15,7,0.2813851632,,5,No,3,Low
8957,31,120,126.9939059,0.1017869897,2,No,9,High
1166,44,20,44.42524752,0.9139756463,4,No,5,High
5070,27,134,51.42583886,0.9478990466,2,No,6,Medium
,31,27,127.5503916,0.1847003389,1,Yes,4,Medium
1417,10,102,78.50574997,0.5383482565,3,No,3,Medium
384,37,162,,0.2364356831,1,No,5,Medium
7066,7,14,123.0291331,0.953874178,0,Yes,3,Medium
7894,32,69,,0.3221492651,0,Yes,2,Medium
4214,11,26,109.9286836,0.551482386,3,No,6,Low
147,48,56,72.51926732,,5,No,8,Medium
6238,45,115,96.24608783,0.3994849761,2,No,3,Medium
4961,28,188,71.10656952,0.3401257248,4,Yes,6,High
3359,4,165,193.9877292,0.5278834387,2,No,9,High
7942,48,84,118.6116797,0.4778037658,4,Yes,1,Medium
3515,45,162,129.233384,0.3977180151,2,Yes,3,High
6550,31,156,167.6250955,0.1952898559,3,Yes,2,Low
8859,29,137,57.61751539,0.5360383198,7,No,8,Low
6264,33,57,28.67556471,,5,No,9,Low
7887,4,187,98.86296103,0.7572010029,3,No,6,Low
4165,47,27,28.81605889,0.7485173957,0,No,3,Medium
181,26,110,79.44472052,0.4294825631,1,Yes,8,Low
3105,31,95,-8.945640383,0.7375771726,3,No,7,Low
8508,31,123,32.41589822,0.5189783333,3,Yes,2,Low
434,27,142,161.1465012,0.2352484818,1,No,7,Low
8850,25,124,120.2318439,0.477144775,3,Yes,1,High
9165,48,165,189.8825741,0.2194647679,1,No,8,Low
9044,36,97,98.44309652,0.203034537,2,No,5,Low
8885,49,66,96.52338965,0.1207533776,2,Yes,9,High
7168,31,86,110.7737308,0.3545688709,3,No,3,High
9970,43,159,279.4340642,0.3977873058,4,No,7,Medium
3997,37,11,152.6302368,0.7294993416,6,Yes,8,High
8058,45,104,57.9697693,0.5842043064,2,Yes,1,High
8201,44,159,120.3671075,0.8726047408,3,Yes,6,High
4748,23,78,107.6282858,,1,Yes,2,Low
9774,35,142,136.0452512,0.3393609813,4,No,8,Medium
882,4,61,193.6610007,0.9469685,6,No,6,Medium
3686,28,34,129.3887792,0.499640723,2,Yes,3,Low
3894,42,7,81.46203284,0.8101458487,2,No,4,Medium
9275,41,161,193.2174459,0.5429508838,2,No,7,Low
5697,42,18,34.70633502,0.5239770913,2,Yes,9,High
7150,13,81,86.44203339,0.2333046592,5,Yes,2,Low
5151,1,87,145.0729279,0.8660796499,3,No,9,Low
842,12,157,60.47486421,0.1705197525,4,No,6,High
4644,43,142,97.41123786,0.3792349852,5,Yes,2,High
4455,40,83,64.93383291,0.7061212645,6,Yes,8,Medium
3708,26,181,98.08302424,0.5565317957,5,Yes,4,Low
3371,46,42,65.02005127,0.8932404943,1,No,8,High
2610,46,146,103.9522386,0.1353681575,5,Yes,7,Medium
,23,162,83.51887384,0.6844667675,2,Yes,7,Low
6155,49,44,166.3620636,0.5297189236,2,No,7,High
1475,22,144,119.2749808,0.2388806411,2,Yes,2,High
9423,28,146,136.9064896,0.7689267164,3,Yes,8,Low
2616,17,133,107.2155103,,4,Yes,2,High
6338,6,72,78.27890721,0.5784237138,2,No,3,Low
190,14,53,116.740032,0.9705394597,3,No,7,Low
1579,17,22,110.1396403,0.5376070729,2,Yes,7,Low
1054,38,168,-21.07063192,0.841035579,5,No,7,High
8314,5,68,101.677653,0.792619771,2,Yes,4,High
3405,13,100,133.5980832,0.6964791324,7,No,5,Low
1821,48,32,64.19504581,0.907130929,2,No,7,Medium
9732,9,164,143.3760247,0.3264414822,5,Yes,8,Low
5552,44,29,117.7795845,0.8386941083,4,Yes,3,Low
2647,42,179,80.16094066,0.4400087396,5,No,6,Low
5023,26,152,,0.8312418011,2,No,9,Medium
288,13,165,81.57039905,0.5444098161,7,No,5,High
559,19,34,113.839907,0.8719383276,6,No,4,High
2336,48,169,87.00391946,0.9053591839,3,Yes,9,Low
4546,17,185,127.4502626,0.6378794881,4,No,4,Low
680,16,106,167.341237,0.5568642611,6,Yes,3,High
2261,30,121,78.19405254,0.804952129,3,Yes,7,Low
4815,32,110,145.1113416,0.3402875829,3,No,5,High
9823,14,78,85.05188669,0.1138138131,4,No,1,Medium
9660,48,73,85.44387316,0.4663851245,3,No,8,Low
,15,12,80.23677668,0.5569967196,7,Yes,1,High
,12,127,15.59966477,0.3675364475,4,Yes,9,High
,37,101,125.0178159,0.4450256936,6,No,1,Medium
958,11,105,114.2023256,0.2197524096,4,No,4,Low
2540,5,5,108.1475197,0.349560913,5,No,4,Medium
1812,11,99,177.7260203,0.3160858131,7,Yes,9,High
615,34,11,,0.3708881684,3,Yes,1,High
7455,19,66,165.3974031,,2,No,9,Medium
1475,26,115,88.23358009,0.6030715339,3,Yes,4,Medium
6784,26,91,,0.3255372462,3,Yes,7,Medium
3769,17,190,49.09213249,0.946865137,3,Yes,9,Low
2490,31,91,103.0918385,0.5601473473,4,Yes,7,High
3362,19,127,100.4126686,0.2160694058,2,No,2,Low
4738,44,12,126.9222448,0.3516456435,2,No,6,Low
2966,20,68,46.55767963,0.7567817465,0,No,6,Medium
7948,23,140,81.28693754,0.1122931345,2,Yes,3,Low
,25,135,15.25272063,0.9440361876,5,No,4,Low
9048,28,131,64.19806349,0.5006592296,3,No,6,Medium
3595,37,190,144.6317281,0.5689711207,3,Yes,6,Medium
6594,12,131,44.92875324,0.9895710123,2,Yes,1,Medium
287,48,164,187.1989084,0.5530627774,3,Yes,8,High
,1,120,150.445124,0.952969595,2,No,9,High
8193,2,53,125.0620576,0.9237080042,5,No,2,Low
2814,10,170,166.6768065,0.9471839758,2,Yes,4,Low
7508,34,134,93.94831168,0.8311357517,4,No,6,High
395,32,131,63.12377595,0.3667582761,2,No,2,Low
3633,25,141,95.2028838,0.4117442354,1,Yes,7,Medium
4240,10,50,14.05773764,0.4284856614,2,Yes,6,High
4142,1,69,159.5369049,0.9812627557,1,No,8,Low
4370,32,181,82.5555711,0.4246799536,3,No,7,Low
3151,37,161,62.23966145,0.1978203783,2,Yes,1,Low
5565,12,94,68.02275213,0.8004960052,0,Yes,5,High
7833,49,33,100.8288219,0.4294569624,1,Yes,6,High
6105,18,37,105.981151,0.6588423206,5,Yes,7,High
5970,30,32,92.69479717,0.931924371,2,No,4,Medium
4004,13,99,92.47251943,0.6179550191,1,No,9,Low
2361,3,87,127.4879676,0.6739301605,0,No,1,Low
9814,21,116,45.06621234,0.678576308,1,No,3,Medium
,42,158,111.2595711,0.6511592672,4,No,2,High
6793,14,118,84.10685539,0.2437924397,2,Yes,2,High
8396,40,33,0.1006013641,0.5107738733,5,Yes,1,High
578,10,143,45.83483817,0.106897618,3,Yes,3,Medium
,2,106,60.40095708,,5,Yes,5,Low
6677,45,166,183.5196553,0.6178224655,3,No,6,Medium
6885,37,108,122.6252028,0.3863234973,4,No,8,Low
8984,11,52,113.549471,0.5715059529,3,Yes,4,Low
3138,1,159,75.65141175,0.5437520037,2,No,1,Low
293,26,128,74.38257098,0.3258236943,2,Yes,9,Medium
9781,42,172,40.85601079,0.3639587933,2,No,3,High
158,13,163,83.67953335,0.786286897,4,No,8,High
1986,28,197,168.7804684,0.7801590873,4,No,4,Medium
4673,36,171,34.09413352,0.5228039352,2,No,3,Low
5322,21,115,70.67860142,0.7457580572,1,No,3,Medium
2680,10,28,146.3093532,0.5057211522,4,No,4,High
4744,12,27,146.1737238,0.8662366314,2,No,4,Medium
7723,46,193,63.97297379,,1,Yes,7,Low
320,27,159,,0.9345632499,4,Yes,2,High
975,3,20,78.26515214,0.5880552855,3,No,8,Low
1296,28,177,,0.582119075,2,Yes,2,Medium
2809,2,31,174.9155996,0.7037293459,4,Yes,1,Low
2831,28,137,104.5980341,0.4067704097,3,Yes,8,Medium
435,31,191,91.60692691,0.7518966138,4,Yes,4,High
8516,43,39,108.7414867,0.3883825924,5,Yes,6,High
7114,21,178,51.5037902,0.457784947,4,No,1,High
,7,60,71.90482062,0.7072330931,2,No,3,Low
8280,31,131,171.8450915,0.4406041912,3,No,7,Medium
4057,14,156,192.956633,0.2799767104,1,Yes,7,Medium
7211,39,142,44.3414944,,1,Yes,8,Medium
4689,39,42,80.53207137,0.9299398427,1,No,2,Low
1986,9,180,100.2194131,0.6640579448,7,Yes,7,Medium
410,23,13,110.0346933,0.8300356941,1,No,4,High
1704,12,182,52.48071741,0.9879871193,2,No,6,Medium
5759,29,73,132.5220252,0.6532972766,2,Yes,4,Low
4082,38,180,136.2994502,0.9179133789,4,Yes,9,High
8660,39,171,142.5155892,0.4233292747,0,Yes,1,High
3646,22,9,137.623208,0.7304251923,1,No,1,Low
4941,4,88,104.061632,0.1502249197,3,No,5,High
6274,48,143,149.5277931,0.8100744,2,No,5,Medium
5451,7,64,127.2033131,0.8468228303,3,No,8,Low
8117,40,159,,0.4610578928,2,Yes,7,Medium
1097,8,139,26.15786052,0.6750595143,3,No,3,Low
596,35,192,115.428738,0.8725249922,4,Yes,8,Low
5785,9,182,164.2909238,0.8952473481,5,No,4,Low
1063,13,71,122.3022728,0.1958783719,0,No,3,Medium
1298,39,73,,0.8447389719,4,No,2,Low
6010,20,187,47.04553017,0.3468190167,4,No,9,High
5584,21,81,103.367151,0.7545762067,3,No,7,Medium
676,47,148,157.1053299,0.3926477381,1,No,5,Low
3260,19,122,122.2905753,0.1506967036,1,Yes,9,Low
153,2,16,105.2321161,0.2888836389,7,No,3,Medium
328,44,31,129.7062712,0.4678045982,1,Yes,6,High
9070,40,165,111.3270629,,4,Yes,8,High
1084,30,89,158.7269199,0.1906332646,1,No,9,Low
8760,23,112,111.2893774,0.8316407124,1,No,4,Low
2567,40,59,98.46262245,0.9972559828,3,No,1,High
631,13,56,47.63190018,0.8094318789,2,Yes,8,Low
8128,33,41,160.7195922,0.526362868,4,Yes,3,High
661,32,117,52.97904865,0.6113441898,4,Yes,6,High
189,28,124,111.8739181,0.1055444575,3,Yes,4,High
5835,24,19,140.0478032,0.2883464541,4,No,6,High
9698,42,88,189.4667914,0.9090893183,2,Yes,3,Low
3245,28,87,111.331471,0.1195564625,6,Yes,7,Medium
1392,30,69,169.5646106,0.9143154576,1,Yes,2,Medium
4210,41,7,101.3693194,0.2019273473,1,Yes,5,High
7596,29,109,71.97865889,0.219766717,3,No,3,Low
7659,34,137,238.321082,0.2578149198,1,No,5,Medium
3881,22,141,39.09567119,0.8194467925,3,No,3,Medium
4167,25,133,246.0662186,0.5303679178,1,No,9,High
3605,14,34,181.418346,0.2306769672,3,No,8,High
2491,10,75,71.25987796,0.7181216377,3,Yes,2,Low
1318,10,152,132.4924027,0.9466195297,1,Yes,8,Medium
5255,8,97,30.11228957,0.6152063268,1,Yes,8,High
2352,14,31,129.6516151,0.1888300051,3,Yes,3,High
3991,45,67,116.1049754,0.1492755456,3,Yes,5,Low
9966,38,85,,0.8162851239,2,No,2,High
875,32,35,79.80109951,0.6634752871,2,Yes,6,High
5329,45,151,107.9512271,0.9303916052,2,No,2,High
8516,32,118,123.8137336,0.5925251359,3,No,4,High
7653,3,106,,0.1561558629,3,No,3,High
163,20,97,170.3047676,0.463318165,4,Yes,1,Low
1887,13,194,106.5069264,0.6921916197,3,Yes,8,High
7191,23,139,117.2186986,0.4463968158,3,Yes,8,Medium
5156,19,169,58.36110611,0.9996322571,2,No,1,High
8169,16,75,17.43292523,0.4648407523,1,No,6,High
9667,36,90,32.68295991,0.5916125138,1,Yes,1,Medium
4015,35,140,129.8157244,0.3028528294,2,No,9,Medium
192,47,189,60.48546013,0.2369243839,3,No,1,High
,47,32,136.4438855,0.6807749847,5,No,3,Low
5608,7,86,182.7370773,0.6297514722,6,Yes,9,Medium
5830,37,99,138.548826,0.1039049717,3,No,1,Low
3964,8,21,121.3155322,0.3563033813,2,Yes,2,High
5036,25,143,132.7841138,,4,Yes,4,High
1501,23,147,155.2011809,0.8310244112,1,No,7,Medium
1706,10,162,115.5859578,0.3811317877,4,No,8,Medium
997,30,99,133.1847479,0.6826927324,3,No,1,Low
4687,33,125,71.72921938,0.3387321371,2,Yes,1,High
3813,11,10,,0.7213419052,3,Yes,5,Medium
3231,35,16,74.71033859,0.7281531988,6,No,8,Medium
1632,27,91,83.68213053,0.217201119,3,No,1,Medium
6635,3,193,81.64174545,0.6985808056,0,Yes,3,Low
7386,47,107,157.3321264,0.4002104635,2,No,6,High
1898,49,108,-35.78818705,0.2553354384,3,Yes,1,Medium
8262,8,168,89.31338757,0.5503251095,5,No,3,Medium
1451,13,39,137.1640248,0.5070670155,3,No,1,Medium
7151,42,71,135.3381565,0.79648733,2,No,4,High
6958,3,110,59.05336372,0.1760639582,5,Yes,9,Low
9955,20,96,186.9358908,0.8107779419,4,No,5,Low
698,46,67,30.81236144,0.1954741259,6,No,3,High
2144,45,87,82.50164329,0.2867131253,2,Yes,7,Low
358,35,172,84.50857582,0.5642939065,7,Yes,6,Low
4671,13,86,84.00749173,0.51685714,3,Yes,9,Medium
8103,20,35,167.9850212,0.9899730773,2,Yes,4,Low
7068,24,41,100.7981512,0.6305263419,4,Yes,4,Medium
6276,9,137,115.9887738,0.3946920357,1,Yes,9,Low
7142,30,119,143.9658646,0.9101339817,0,Yes,2,Medium
8679,25,125,68.02091329,0.3809934611,0,Yes,2,High
897,16,136,92.26350189,0.3463980717,4,No,9,High
5813,8,122,183.8033963,0.5449346157,2,No,7,Low
7411,44,158,118.9121465,0.921857306,3,No,5,Medium
4120,28,156,45.25114998,0.7376628297,3,No,5,High
6011,12,171,,0.7097348939,5,Yes,9,High
4054,24,188,144.5966434,0.7534695385,5,Yes,5,Low
9919,49,186,43.52629238,0.6936765497,2,Yes,9,Medium
4412,29,42,76.35049547,0.7838167237,2,Yes,8,Medium
9080,15,114,110.1651098,0.2734858196,2,Yes,6,High
5739,18,186,100.6810753,0.2595324581,4,No,5,Low
6279,7,151,174.1608797,0.4259470094,5,No,5,High
6879,13,30,-22.53087028,0.8658638009,3,Yes,5,High
2156,19,131,124.0973586,0.7430087939,2,No,1,Low
9355,48,56,85.87085605,0.6098260086,4,Yes,5,Low
7202,43,122,165.8504104,0.1175026937,8,Yes,3,Low
6744,5,65,88.21864392,0.3122220555,3,No,6,Medium
5885,26,199,89.6675369,0.8231625483,2,No,9,Low
1547,2,154,99.79617069,,2,Yes,3,Low
614,33,149,66.94296738,0.7572611775,3,No,1,High
2013,48,143,70.4543664,0.2661708384,4,Yes,8,Low
2051,37,115,92.55221503,0.6457308024,5,Yes,9,Low
5670,25,171,,0.66539023,1,No,4,High
9065,25,193,75.43250746,0.7767696031,1,Yes,5,Medium
428,39,53,65.62513123,0.4945081608,2,Yes,3,Low
9085,30,111,79.99259468,,3,No,8,High
9253,41,97,100.1698018,0.5382728098,5,Yes,3,Medium
6613,4,128,189.6222287,0.9526042409,3,Yes,4,Medium
,19,65,61.81073631,0.5696926543,4,No,7,Low
1510,27,144,224.9546475,0.2886380948,4,No,2,Medium
7814,47,145,122.6149676,0.7011032942,0,No,1,Low
1237,39,62,49.98369322,0.5936205954,0,Yes,4,Medium
4766,24,15,72.63724458,0.8234465475,5,Yes,8,Medium
5257,37,196,3.17751224,0.2592204378,4,No,1,Medium
1668,25,163,105.3340953,0.3348456424,4,No,3,Low
4572,29,143,152.5767633,0.9294661967,5,Yes,4,Medium
7666,31,126,101.554449,0.9370235019,1,No,4,High
3374,45,109,140.1403699,0.4980310898,4,Yes,3,High
3373,35,175,121.4243641,0.1429760639,3,Yes,3,Medium
6343,28,40,160.5067244,0.3758995618,4,No,7,Low
3569,38,134,51.01310664,0.322410389,3,Yes,8,High
6032,44,91,144.1441108,0.4732091668,4,No,4,Medium
6664,4,65,194.3387971,0.386020557,6,Yes,8,High
5462,28,168,228.2649558,0.8460931095,2,Yes,8,High
4736,31,82,171.0163088,0.1027324172,3,Yes,6,High
5446,23,53,108.5735705,0.6801686682,6,No,1,High
1336,14,159,51.73633906,0.6978432026,6,Yes,7,High
4308,28,144,59.16885106,0.6945639178,3,Yes,7,Medium
4568,14,190,91.34125039,0.5685352125,6,No,5,High
2446,1,10,192.9961194,0.6499936658,7,No,6,Medium
1142,43,48,73.48151463,0.8294448804,1,Yes,9,High
4866,32,179,108.9798615,0.8057771008,1,No,3,Low
4206,41,27,147.0381889,0.1311628395,3,Yes,4,Medium
8299,18,119,-64.2833102,0.1273928822,6,Yes,9,Low
7420,5,102,46.82937395,0.8550503315,5,Yes,2,Low
,42,112,197.6585601,0.6172567188,3,Yes,9,High
9865,15,100,152.1451224,0.9616846017,1,Yes,5,High
7402,42,30,152.482227,0.4884324372,2,Yes,3,High
,16,139,53.02527779,0.2590676393,2,No,8,High
560,36,164,172.5750793,0.5259114211,4,Yes,9,High
2402,36,37,,0.4928898772,3,Yes,1,Low
2733,40,86,104.5773928,0.5654596433,1,No,5,Low
,30,152,134.7346217,0.8271525105,4,Yes,9,High
461,38,99,141.6443288,0.6900255891,1,Yes,2,High
5593,23,184,,0.2667477947,1,Yes,1,Medium
7246,11,174,89.95352694,0.7610295307,3,Yes,8,Medium
887,25,133,7.620791775,0.632706592,7,No,6,Low
308,45,195,104.1176403,0.6204796575,5,Yes,2,Low
8558,43,11,-8.424784783,0.7104311942,3,No,3,Low
5192,2,128,128.3789665,0.6075689128,2,No,5,High
653,35,62,51.06699104,0.5117623627,3,No,1,Low
8125,47,90,92.02355767,0.6763422545,4,Yes,2,Low
9879,24,182,74.42336725,0.7513543626,1,Yes,1,Low
4616,13,38,128.3006153,0.3031902485,4,No,7,Medium
6551,42,55,60.49481396,0.5473449048,3,No,7,Low
9410,37,124,112.8105855,0.5123552169,4,Yes,5,Low
1613,30,142,109.2274352,0.1359129436,4,Yes,6,Medium
7525,11,115,103.2885027,0.8509947908,4,Yes,3,Low
5451,23,110,119.6337818,0.4396438215,4,Yes,2,High
6849,46,30,39.87565476,0.1654203099,3,Yes,9,Medium
7105,28,36,41.70555699,0.5121091874,2,No,2,Low
8512,29,128,171.673786,0.2453327255,3,No,1,Medium
2444,15,174,23.00637036,0.7339729732,3,No,9,Low
7254,45,194,208.3173907,0.6145944177,2,Yes,8,Low
2071,3,16,93.11185986,0.3431024263,1,No,8,Medium
4538,9,172,57.47603076,0.9554264732,3,Yes,7,High
5424,8,91,143.0574271,0.3625708134,6,No,9,Medium
9183,47,82,,0.5994972163,2,Yes,3,High
5769,33,38,116.909841,0.8214110419,3,No,8,High
5261,34,74,162.1540749,0.5625030682,4,No,1,Medium
1305,9,159,135.6627603,0.9647701082,2,Yes,1,Low
9510,17,12,,0.8594691103,0,Yes,6,High
1955,41,179,132.7315718,0.9289171126,3,No,8,Medium
2099,1,85,102.0036989,0.4354323254,1,No,8,Low
2535,40,30,140.5547324,0.5935198757,3,Yes,1,Low
6880,5,61,46.3610837,0.8561496659,2,Yes,1,Low
3198,30,139,172.9558022,0.9131500309,4,Yes,9,Medium
3486,11,30,92.18967224,0.9499272202,5,No,9,Medium
5540,28,191,108.8590915,0.891236794,4,No,7,Low
6536,38,118,84.32244797,,5,Yes,1,Low
1877,17,122,130.3055419,0.121793325,4,No,2,Low
7503,23,120,152.7061799,,3,Yes,8,Low
6958,18,51,50.39652333,0.2160426564,0,No,8,Medium
3039,37,106,96.53586803,0.2392827412,2,Yes,5,Low
938,27,128,108.4927713,0.3618164686,5,Yes,2,High
5825,25,167,121.8161698,0.1672664115,6,No,3,High
4859,5,162,85.42204402,0.3187286311,2,Yes,5,Medium
4960,19,182,78.40208063,0.9612809529,4,Yes,3,High
3238,27,28,144.3051092,0.3807492207,3,No,1,High
275,13,34,125.4318954,0.2437417629,3,No,6,High
4705,7,58,110.7732364,0.7464701624,3,No,5,Medium
3262,26,71,162.4702644,0.845654635,3,No,3,High
2852,14,36,33.11361776,0.3826340646,5,Yes,9,Low
9481,27,12,139.9226343,0.3506475795,1,Yes,8,High
937,8,182,118.681381,0.3175835931,4,Yes,7,High
7945,31,179,27.25399492,0.4539351152,1,Yes,2,High
2833,35,50,158.3163591,0.1785085821,3,Yes,5,Low
7788,27,84,129.4931642,0.7022163039,1,No,5,Medium
5306,4,39,136.1670905,0.8400036927,2,No,6,Medium
,42,193,84.81721114,0.6973140518,1,Yes,6,High
6240,4,93,138.1294663,0.4790797209,3,No,3,Low
,18,83,63.4530319,0.3600660226,2,No,4,High
3449,23,183,32.72910478,0.4685015481,1,No,1,Medium
3410,32,195,99.34723353,,2,No,1,Medium
4780,12,140,133.7504597,0.6994187456,2,No,5,Low
2486,20,38,150.7462802,0.9352543201,6,Yes,4,Low
5291,47,29,107.5345388,0.1635278405,4,No,7,Medium
473,45,117,103.6766861,0.9580182336,1,Yes,7,Medium
4775,12,176,150.7160233,0.9191811552,1,Yes,4,Medium
1361,8,87,83.3031779,0.2059590703,2,Yes,2,High
7733,22,47,71.89377652,0.265226528,5,Yes,4,Medium
8412,27,130,180.9119407,0.3804360413,1,Yes,8,Medium
5632,41,182,86.11193051,0.6036994369,3,No,2,Low
5942,41,17,145.8306994,0.2210285765,6,Yes,5,Medium
3945,17,178,167.9815188,0.2803014579,3,Yes,7,Medium
2984,32,129,110.5003006,,7,Yes,6,Low
4238,33,80,113.1925989,0.1983705677,1,No,9,Medium
5723,31,91,189.8901982,0.4589904386,7,No,2,Low
2219,6,185,34.60138639,0.7867015999,6,No,4,Low
7816,39,195,33.75342031,0.8997248052,2,No,7,Low
590,9,108,140.7769367,0.4024383063,2,Yes,8,Low
3145,42,134,79.56222119,0.2479937548,1,Yes,5,Low
482,32,44,143.0747597,0.7633104932,2,Yes,5,Low
,36,27,97.1786286,0.7953019828,2,Yes,4,Low
5685,16,191,141.6386025,0.9820300997,2,Yes,9,Medium
9469,12,73,55.92694787,0.2255876663,0,No,4,High
2317,41,38,130.6561024,0.7384787944,3,Yes,3,Medium
9587,3,159,74.95173208,0.475563284,3,No,9,Low
9209,27,59,136.0115364,0.9231664938,3,Yes,7,Low
7377,27,110,218.2298243,0.4670477959,4,No,9,Medium
6694,9,8,59.7753637,0.501364338,4,No,4,High
6886,17,74,82.29560327,0.2141169384,5,No,3,Medium
6266,46,159,93.61287429,0.3888431066,2,Yes,8,Medium
2514,5,51,116.1375527,0.4607564234,2,No,4,Medium
750,26,118,-14.56751831,0.1157578789,2,Yes,3,High
8269,21,121,101.6619559,0.4938170216,3,Yes,4,Low
5015,1,122,89.07585154,0.4026866961,3,No,2,High
3298,1,172,89.42789062,0.8234557622,1,No,4,Medium
1041,35,159,114.7267236,0.1964013521,1,No,7,Medium
8832,9,11,117.7036173,0.7841900142,8,No,3,High
5905,23,155,116.9291455,0.7426103889,4,Yes,1,High
3827,38,196,46.14776154,0.317604095,0,Yes,8,Low
2629,41,117,87.48035812,0.1749445015,5,Yes,6,Low
1302,4,102,85.38145046,0.8576501012,2,No,3,High
5064,19,33,126.3646694,0.3244870385,0,No,8,Low
750,37,193,51.6955616,0.2310041077,2,No,6,Medium
3106,5,176,109.6684393,0.4231329417,6,No,1,High
3004,28,119,180.4428994,0.4607945413,3,Yes,9,Low
8605,46,159,-33.04315398,0.3934791818,0,Yes,9,Medium
4214,42,144,91.50452083,0.9788330013,0,Yes,9,High
9475,48,149,0.758388676,0.8927386024,1,No,6,Low
221,23,41,,0.8856779468,1,No,6,Medium
6703,38,38,141.7731796,0.4588908315,3,No,4,High
8460,23,168,74.45432297,0.9665826758,7,No,8,Low
3782,46,138,146.3030034,0.7156137667,6,No,9,Medium
4824,18,100,168.041955,0.8487952018,3,Yes,7,Medium
4221,29,164,120.0887477,0.5507876125,2,No,7,Medium
6964,28,77,74.25135248,0.2445555639,3,Yes,2,Medium
7494,9,126,126.8002136,0.8981969545,3,No,2,High
1829,39,154,184.0445379,0.5377840654,4,Yes,2,Medium
6052,10,14,33.44299049,0.9716994182,3,No,4,High
5229,2,33,155.407712,0.3293749103,2,No,9,High
1218,13,143,35.5541719,0.9931410923,3,Yes,5,Low
2268,38,96,24.12127531,0.3001822138,4,No,2,High
7768,27,198,,,4,No,4,Medium
1150,41,60,98.03068175,0.6346148706,2,No,7,High
8996,20,89,163.1495669,0.7239907533,4,Yes,5,High
6740,40,99,-0.5536255132,0.7482539521,5,No,8,Low
2999,10,62,149.477008,0.528627168,3,No,1,High
3307,16,56,92.34477181,0.1691442612,6,No,5,Low
8998,15,65,44.85558804,0.5464433365,3,No,4,High
7774,13,21,129.5788018,0.4012191573,6,No,3,Low
3932,38,34,76.25843243,0.6918900481,1,Yes,7,High
2108,20,76,212.9451429,0.2640480257,4,Yes,1,Medium
4821,24,41,124.9231055,0.4545210923,5,Yes,6,High
9889,41,137,102.7977119,0.9695072386,4,Yes,8,Low
1166,7,158,132.4109383,,4,No,2,Low
8387,23,84,167.176168,0.6421007421,2,No,6,Medium
2018,24,133,172.0414917,0.1815834061,2,Yes,1,Medium
9557,29,141,,0.2412960903,4,Yes,6,Low
8531,5,75,168.8399772,0.6444409498,1,Yes,6,Medium
1427,43,111,160.1632489,0.4995959703,1,Yes,5,High
6310,45,196,145.4645537,0.5936490973,3,Yes,7,High
,35,156,80.28417553,0.8918849535,4,No,5,Medium
7459,1,137,162.8618725,0.8355162183,4,Yes,8,High
1242,36,183,78.56800927,0.8991833045,1,No,2,High
3323,18,170,113.1784923,0.6546294288,2,No,6,Medium
3948,6,161,81.19209051,0.5406788527,5,Yes,5,Low
1515,23,178,,0.5132778236,1,No,2,High
6474,10,184,163.978134,0.7658277006,5,No,7,Medium
860,7,125,,0.5691698905,2,No,4,Low
3742,44,178,29.41347737,0.1951919166,3,No,6,High
1652,8,79,150.5269222,0.2277451217,1,Yes,5,High
,13,72,151.7799533,,6,No,4,Medium
9447,30,191,178.2232451,0.1610410348,2,No,2,High
8648,18,142,144.6946217,0.3153080975,3,Yes,7,Low
9963,14,102,145.8485106,0.6907607679,3,Yes,5,Medium
7309,11,136,64.12903252,0.1111872811,1,Yes,3,Medium
1428,42,56,136.8514486,0.643683579,1,No,6,Medium
1129,38,78,207.3413867,0.7951212309,2,Yes,8,Medium
2476,13,22,72.35039206,0.2531383764,4,No,2,Low
3341,42,80,39.10087445,,3,Yes,4,Low
3240,44,183,107.0281236,0.1259707299,3,No,3,Low
981,33,155,146.8719858,0.561205035,2,Yes,7,Low
8830,13,112,110.8255992,0.6891288012,1,Yes,8,Low
3657,25,157,189.1885507,0.5112186239,4,No,8,Low
7163,24,64,56.98094325,0.4505039287,1,Yes,4,Medium
2296,29,41,24.22196658,0.5089715356,2,Yes,2,Medium
2050,36,81,171.4500354,0.8033753969,5,No,6,Medium
9902,6,150,29.60301462,0.1301628766,4,Yes,3,Low
6037,18,130,115.8560629,0.8054367047,5,Yes,8,Medium
3263,28,33,170.0910493,0.6997079041,4,No,3,Low
4563,5,112,110.8145453,0.3172838987,2,No,2,Medium
4107,18,34,65.10434168,0.5722657536,3,Yes,9,Low
4775,37,123,163.6145183,0.1443616036,4,Yes,9,Low
4851,7,106,108.5391744,0.4416298033,1,No,9,Low
6319,9,11,,0.2566382312,3,No,3,High
8518,35,173,182.1753653,0.1200703474,2,Yes,2,High
7630,12,78,81.19272329,0.421380548,0,No,4,Low
7835,46,41,70.03312941,0.7535011757,1,Yes,2,Medium
8883,40,31,54.86301016,0.9289196806,3,Yes,8,Low
2175,44,25,160.8020726,0.6960371618,3,No,1,Low
7872,39,47,121.3823158,0.4617731153,3,No,2,High
9660,24,55,75.62632386,0.9995465012,2,No,6,Low
2122,9,97,28.0509545,0.3546491573,9,No,9,High